26/08/09 14:29:45 INFO SparkContext: Running Spark version 3.5.9
26/08/09 14:29:45 INFO SparkContext: OS info Linux, 6.1.177-224.371.amzn2023.aarch64, aarch64
26/08/09 14:29:45 INFO SparkContext: Java version 17.0.19
26/08/09 14:29:45 WARN NativeCodeLoader: Unable to load native-hadoop library for your platform... using builtin-java classes where applicable
26/08/09 14:29:45 INFO ResourceUtils: ==============================================================
26/08/09 14:29:45 INFO ResourceUtils: No custom resources configured for spark.driver.
26/08/09 14:29:45 INFO ResourceUtils: ==============================================================
26/08/09 14:29:45 INFO SparkContext: Submitted application: export
26/08/09 14:29:45 INFO ResourceProfile: Default ResourceProfile created, executor resources: Map(cores -> name: cores, amount: 1, script: , vendor: , memory -> name: memory, amount: 1024, script: , vendor: , offHeap -> name: offHeap, amount: 0, script: , vendor: ), task resources: Map(cpus -> name: cpus, amount: 1.0)
26/08/09 14:29:45 INFO ResourceProfile: Limiting resource is cpu
26/08/09 14:29:45 INFO ResourceProfileManager: Added ResourceProfile id: 0
26/08/09 14:29:45 INFO SecurityManager: Changing view acls to: spark
26/08/09 14:29:45 INFO SecurityManager: Changing modify acls to: spark
26/08/09 14:29:45 INFO SecurityManager: Changing view acls groups to: 
26/08/09 14:29:45 INFO SecurityManager: Changing modify acls groups to: 
26/08/09 14:29:45 INFO SecurityManager: SecurityManager: authentication disabled; ui acls disabled; users with view permissions: spark; groups with view permissions: EMPTY; users with modify permissions: spark; groups with modify permissions: EMPTY
26/08/09 14:29:46 INFO Utils: Successfully started service 'sparkDriver' on port 36893.
26/08/09 14:29:46 INFO SparkEnv: Registering MapOutputTracker
26/08/09 14:29:46 INFO SparkEnv: Registering BlockManagerMaster
26/08/09 14:29:46 INFO BlockManagerMasterEndpoint: Using org.apache.spark.storage.DefaultTopologyMapper for getting topology information
26/08/09 14:29:46 INFO BlockManagerMasterEndpoint: BlockManagerMasterEndpoint up
26/08/09 14:29:46 INFO SparkEnv: Registering BlockManagerMasterHeartbeat
26/08/09 14:29:46 INFO DiskBlockManager: Created local directory at /tmp/blockmgr-00bcd2ce-db4d-4769-a7c6-85ec80a9afd1
26/08/09 14:29:46 INFO MemoryStore: MemoryStore started with capacity 7.0 GiB
26/08/09 14:29:46 INFO SparkEnv: Registering OutputCommitCoordinator
26/08/09 14:29:46 INFO JettyUtils: Start Jetty 0.0.0.0:4040 for SparkUI
26/08/09 14:29:46 INFO Utils: Successfully started service 'SparkUI' on port 4040.
26/08/09 14:29:46 INFO Executor: Starting executor ID driver on host 530ad38ba90a
26/08/09 14:29:46 INFO Executor: OS info Linux, 6.1.177-224.371.amzn2023.aarch64, aarch64
26/08/09 14:29:46 INFO Executor: Java version 17.0.19
26/08/09 14:29:46 INFO Executor: Starting executor with user classpath (userClassPathFirst = false): ''
26/08/09 14:29:46 INFO Executor: Created or updated repl class loader org.apache.spark.util.MutableURLClassLoader@165bd0f for default.
26/08/09 14:29:46 INFO Utils: Successfully started service 'org.apache.spark.network.netty.NettyBlockTransferService' on port 40111.
26/08/09 14:29:46 INFO NettyBlockTransferService: Server created on 530ad38ba90a:40111
26/08/09 14:29:46 INFO BlockManager: Using org.apache.spark.storage.RandomBlockReplicationPolicy for block replication policy
26/08/09 14:29:46 INFO BlockManagerMaster: Registering BlockManager BlockManagerId(driver, 530ad38ba90a, 40111, None)
26/08/09 14:29:46 INFO BlockManagerMasterEndpoint: Registering block manager 530ad38ba90a:40111 with 7.0 GiB RAM, BlockManagerId(driver, 530ad38ba90a, 40111, None)
26/08/09 14:29:46 INFO BlockManagerMaster: Registered BlockManager BlockManagerId(driver, 530ad38ba90a, 40111, None)
26/08/09 14:29:46 INFO BlockManager: Initialized BlockManager: BlockManagerId(driver, 530ad38ba90a, 40111, None)
26/08/09 14:29:46 INFO SharedState: Setting hive.metastore.warehouse.dir ('null') to the value of spark.sql.warehouse.dir.
26/08/09 14:29:46 INFO SharedState: Warehouse path is 'file:/opt/s2fn/spark-warehouse'.
26/08/09 14:29:48 INFO CodeGenerator: Code generated in 130.95236 ms
26/08/09 14:29:48 INFO DAGScheduler: Registering RDD 2 (count at NativeMethodAccessorImpl.java:0) as input to shuffle 0
26/08/09 14:29:48 INFO DAGScheduler: Got map stage job 0 (count at NativeMethodAccessorImpl.java:0) with 1 output partitions
26/08/09 14:29:48 INFO DAGScheduler: Final stage: ShuffleMapStage 0 (count at NativeMethodAccessorImpl.java:0)
26/08/09 14:29:48 INFO DAGScheduler: Parents of final stage: List()
26/08/09 14:29:48 INFO DAGScheduler: Missing parents: List()
26/08/09 14:29:48 INFO DAGScheduler: Submitting ShuffleMapStage 0 (MapPartitionsRDD[2] at count at NativeMethodAccessorImpl.java:0), which has no missing parents
26/08/09 14:29:48 INFO MemoryStore: Block broadcast_0 stored as values in memory (estimated size 11.0 KiB, free 7.0 GiB)
26/08/09 14:29:48 INFO MemoryStore: Block broadcast_0_piece0 stored as bytes in memory (estimated size 5.7 KiB, free 7.0 GiB)
26/08/09 14:29:48 INFO BlockManagerInfo: Added broadcast_0_piece0 in memory on 530ad38ba90a:40111 (size: 5.7 KiB, free: 7.0 GiB)
26/08/09 14:29:48 INFO SparkContext: Created broadcast 0 from broadcast at DAGScheduler.scala:1611
26/08/09 14:29:48 INFO DAGScheduler: Submitting 1 missing tasks from ShuffleMapStage 0 (MapPartitionsRDD[2] at count at NativeMethodAccessorImpl.java:0) (first 15 tasks are for partitions Vector(0))
26/08/09 14:29:48 INFO TaskSchedulerImpl: Adding task set 0.0 with 1 tasks resource profile 0
26/08/09 14:29:48 INFO TaskSetManager: Starting task 0.0 in stage 0.0 (TID 0) (530ad38ba90a, executor driver, partition 0, PROCESS_LOCAL, 8934 bytes) 
26/08/09 14:29:48 INFO Executor: Running task 0.0 in stage 0.0 (TID 0)
26/08/09 14:29:48 INFO CodeGenerator: Code generated in 9.625051 ms
26/08/09 14:29:48 INFO Executor: Finished task 0.0 in stage 0.0 (TID 0). 1817 bytes result sent to driver
26/08/09 14:29:48 INFO TaskSetManager: Finished task 0.0 in stage 0.0 (TID 0) in 121 ms on 530ad38ba90a (executor driver) (1/1)
26/08/09 14:29:48 INFO TaskSchedulerImpl: Removed TaskSet 0.0, whose tasks have all completed, from pool 
26/08/09 14:29:48 INFO DAGScheduler: ShuffleMapStage 0 (count at NativeMethodAccessorImpl.java:0) finished in 0.414 s
26/08/09 14:29:48 INFO DAGScheduler: looking for newly runnable stages
26/08/09 14:29:48 INFO DAGScheduler: running: Set()
26/08/09 14:29:48 INFO DAGScheduler: waiting: Set()
26/08/09 14:29:48 INFO DAGScheduler: failed: Set()
26/08/09 14:29:49 INFO CodeGenerator: Code generated in 9.443205 ms
26/08/09 14:29:49 INFO SparkContext: Starting job: count at NativeMethodAccessorImpl.java:0
26/08/09 14:29:49 INFO DAGScheduler: Got job 1 (count at NativeMethodAccessorImpl.java:0) with 1 output partitions
26/08/09 14:29:49 INFO DAGScheduler: Final stage: ResultStage 2 (count at NativeMethodAccessorImpl.java:0)
26/08/09 14:29:49 INFO DAGScheduler: Parents of final stage: List(ShuffleMapStage 1)
26/08/09 14:29:49 INFO DAGScheduler: Missing parents: List()
26/08/09 14:29:49 INFO DAGScheduler: Submitting ResultStage 2 (MapPartitionsRDD[5] at count at NativeMethodAccessorImpl.java:0), which has no missing parents
26/08/09 14:29:49 INFO MemoryStore: Block broadcast_1 stored as values in memory (estimated size 12.5 KiB, free 7.0 GiB)
26/08/09 14:29:49 INFO MemoryStore: Block broadcast_1_piece0 stored as bytes in memory (estimated size 5.9 KiB, free 7.0 GiB)
26/08/09 14:29:49 INFO BlockManagerInfo: Added broadcast_1_piece0 in memory on 530ad38ba90a:40111 (size: 5.9 KiB, free: 7.0 GiB)
26/08/09 14:29:49 INFO SparkContext: Created broadcast 1 from broadcast at DAGScheduler.scala:1611
26/08/09 14:29:49 INFO DAGScheduler: Submitting 1 missing tasks from ResultStage 2 (MapPartitionsRDD[5] at count at NativeMethodAccessorImpl.java:0) (first 15 tasks are for partitions Vector(0))
26/08/09 14:29:49 INFO TaskSchedulerImpl: Adding task set 2.0 with 1 tasks resource profile 0
26/08/09 14:29:49 INFO TaskSetManager: Starting task 0.0 in stage 2.0 (TID 1) (530ad38ba90a, executor driver, partition 0, NODE_LOCAL, 8999 bytes) 
26/08/09 14:29:49 INFO Executor: Running task 0.0 in stage 2.0 (TID 1)
26/08/09 14:29:49 INFO ShuffleBlockFetcherIterator: Getting 1 (60.0 B) non-empty blocks including 1 (60.0 B) local and 0 (0.0 B) host-local and 0 (0.0 B) push-merged-local and 0 (0.0 B) remote blocks
26/08/09 14:29:49 INFO ShuffleBlockFetcherIterator: Started 0 remote fetches in 7 ms
26/08/09 14:29:49 INFO CodeGenerator: Code generated in 8.088323 ms
26/08/09 14:29:49 INFO Executor: Finished task 0.0 in stage 2.0 (TID 1). 3808 bytes result sent to driver
26/08/09 14:29:49 INFO TaskSetManager: Finished task 0.0 in stage 2.0 (TID 1) in 58 ms on 530ad38ba90a (executor driver) (1/1)
26/08/09 14:29:49 INFO TaskSchedulerImpl: Removed TaskSet 2.0, whose tasks have all completed, from pool 
26/08/09 14:29:49 INFO DAGScheduler: ResultStage 2 (count at NativeMethodAccessorImpl.java:0) finished in 0.068 s
26/08/09 14:29:49 INFO DAGScheduler: Job 1 is finished. Cancelling potential speculative or zombie tasks for this job
26/08/09 14:29:49 INFO TaskSchedulerImpl: Killing all running tasks in stage 2: Stage finished
26/08/09 14:29:49 INFO DAGScheduler: Job 1 finished: count at NativeMethodAccessorImpl.java:0, took 0.079502 s
26/08/09 14:29:49 INFO BlockManagerInfo: Removed broadcast_0_piece0 on 530ad38ba90a:40111 in memory (size: 5.7 KiB, free: 7.0 GiB)
26/08/09 14:29:49 INFO BlockManagerInfo: Removed broadcast_1_piece0 on 530ad38ba90a:40111 in memory (size: 5.9 KiB, free: 7.0 GiB)
26/08/09 14:29:50 INFO CatalogUtil: Loading custom FileIO implementation: org.apache.iceberg.hadoop.HadoopFileIO
26/08/09 14:29:50 INFO BaseMetastoreCatalog: Table loaded by catalog: local.crop.field_ndvi
26/08/09 14:29:51 INFO V2ScanRelationPushDown: 
Output: field_id#30, date#31, dekad#32L, season#33L, mgrs_tile#34, scene_id#35, mean_ndvi#36, valid_px#37, utm_zone#38, total_px#39, valid_frac#40
         
26/08/09 14:29:51 INFO SnapshotScan: Scanning table local.crop.field_ndvi snapshot 7560351948039478489 created at 2026-08-09T09:32:30.287+00:00 with filter true
26/08/09 14:29:51 INFO BaseDistributedDataScan: Planning file tasks locally for table local.crop.field_ndvi
26/08/09 14:29:51 INFO SparkPartitioningAwareScan: Reporting UnknownPartitioning with 2 partition(s) for table local.crop.field_ndvi
26/08/09 14:29:51 INFO MemoryStore: Block broadcast_2 stored as values in memory (estimated size 32.0 KiB, free 7.0 GiB)
26/08/09 14:29:51 INFO MemoryStore: Block broadcast_2_piece0 stored as bytes in memory (estimated size 27.0 KiB, free 7.0 GiB)
26/08/09 14:29:51 INFO BlockManagerInfo: Added broadcast_2_piece0 in memory on 530ad38ba90a:40111 (size: 27.0 KiB, free: 7.0 GiB)
26/08/09 14:29:51 INFO SparkContext: Created broadcast 2 from broadcast at SparkBatch.java:90
26/08/09 14:29:51 INFO MemoryStore: Block broadcast_3 stored as values in memory (estimated size 32.0 KiB, free 7.0 GiB)
26/08/09 14:29:51 INFO MemoryStore: Block broadcast_3_piece0 stored as bytes in memory (estimated size 26.5 KiB, free 7.0 GiB)
26/08/09 14:29:51 INFO BlockManagerInfo: Added broadcast_3_piece0 in memory on 530ad38ba90a:40111 (size: 26.5 KiB, free: 7.0 GiB)
26/08/09 14:29:51 INFO SparkContext: Created broadcast 3 from broadcast at SparkBatch.java:92
26/08/09 14:29:51 INFO MemoryStore: Block broadcast_4 stored as values in memory (estimated size 32.0 KiB, free 7.0 GiB)
26/08/09 14:29:51 INFO MemoryStore: Block broadcast_4_piece0 stored as bytes in memory (estimated size 27.0 KiB, free 7.0 GiB)
26/08/09 14:29:51 INFO BlockManagerInfo: Added broadcast_4_piece0 in memory on 530ad38ba90a:40111 (size: 27.0 KiB, free: 7.0 GiB)
26/08/09 14:29:51 INFO SparkContext: Created broadcast 4 from broadcast at SparkBatch.java:90
26/08/09 14:29:51 INFO MemoryStore: Block broadcast_5 stored as values in memory (estimated size 32.0 KiB, free 7.0 GiB)
26/08/09 14:29:51 INFO MemoryStore: Block broadcast_5_piece0 stored as bytes in memory (estimated size 26.5 KiB, free 7.0 GiB)
26/08/09 14:29:51 INFO BlockManagerInfo: Added broadcast_5_piece0 in memory on 530ad38ba90a:40111 (size: 26.5 KiB, free: 7.0 GiB)
26/08/09 14:29:51 INFO SparkContext: Created broadcast 5 from broadcast at SparkBatch.java:92
26/08/09 14:29:51 INFO ParquetUtils: Using default output committer for Parquet: org.apache.parquet.hadoop.ParquetOutputCommitter
26/08/09 14:29:51 INFO FileOutputCommitter: File Output Committer Algorithm version is 1
26/08/09 14:29:51 INFO FileOutputCommitter: FileOutputCommitter skip cleanup _temporary folders under output directory:false, ignore cleanup failures: false
26/08/09 14:29:51 INFO SQLHadoopMapReduceCommitProtocol: Using user defined output committer class org.apache.parquet.hadoop.ParquetOutputCommitter
26/08/09 14:29:51 INFO FileOutputCommitter: File Output Committer Algorithm version is 1
26/08/09 14:29:51 INFO FileOutputCommitter: FileOutputCommitter skip cleanup _temporary folders under output directory:false, ignore cleanup failures: false
26/08/09 14:29:51 INFO SQLHadoopMapReduceCommitProtocol: Using output committer class org.apache.parquet.hadoop.ParquetOutputCommitter
26/08/09 14:29:51 INFO CodeGenerator: Code generated in 25.670216 ms
26/08/09 14:29:51 INFO SparkContext: Starting job: parquet at NativeMethodAccessorImpl.java:0
26/08/09 14:29:51 INFO DAGScheduler: Got job 2 (parquet at NativeMethodAccessorImpl.java:0) with 2 output partitions
26/08/09 14:29:51 INFO DAGScheduler: Final stage: ResultStage 3 (parquet at NativeMethodAccessorImpl.java:0)
26/08/09 14:29:51 INFO DAGScheduler: Parents of final stage: List()
26/08/09 14:29:51 INFO DAGScheduler: Missing parents: List()
26/08/09 14:29:51 INFO DAGScheduler: Submitting ResultStage 3 (MapPartitionsRDD[9] at parquet at NativeMethodAccessorImpl.java:0), which has no missing parents
26/08/09 14:29:51 INFO MemoryStore: Block broadcast_6 stored as values in memory (estimated size 224.5 KiB, free 7.0 GiB)
26/08/09 14:29:51 INFO MemoryStore: Block broadcast_6_piece0 stored as bytes in memory (estimated size 78.9 KiB, free 7.0 GiB)
26/08/09 14:29:51 INFO BlockManagerInfo: Added broadcast_6_piece0 in memory on 530ad38ba90a:40111 (size: 78.9 KiB, free: 7.0 GiB)
26/08/09 14:29:51 INFO SparkContext: Created broadcast 6 from broadcast at DAGScheduler.scala:1611
26/08/09 14:29:51 INFO DAGScheduler: Submitting 2 missing tasks from ResultStage 3 (MapPartitionsRDD[9] at parquet at NativeMethodAccessorImpl.java:0) (first 15 tasks are for partitions Vector(0, 1))
26/08/09 14:29:51 INFO TaskSchedulerImpl: Adding task set 3.0 with 2 tasks resource profile 0
26/08/09 14:29:51 INFO TaskSetManager: Starting task 0.0 in stage 3.0 (TID 2) (530ad38ba90a, executor driver, partition 0, PROCESS_LOCAL, 17955 bytes) 
26/08/09 14:29:51 INFO TaskSetManager: Starting task 1.0 in stage 3.0 (TID 3) (530ad38ba90a, executor driver, partition 1, PROCESS_LOCAL, 17957 bytes) 
26/08/09 14:29:51 INFO Executor: Running task 0.0 in stage 3.0 (TID 2)
26/08/09 14:29:51 INFO Executor: Running task 1.0 in stage 3.0 (TID 3)
26/08/09 14:29:51 INFO CodeGenerator: Code generated in 17.57829 ms
26/08/09 14:29:51 INFO FileOutputCommitter: File Output Committer Algorithm version is 1
26/08/09 14:29:51 INFO FileOutputCommitter: File Output Committer Algorithm version is 1
26/08/09 14:29:51 INFO FileOutputCommitter: FileOutputCommitter skip cleanup _temporary folders under output directory:false, ignore cleanup failures: false
26/08/09 14:29:51 INFO FileOutputCommitter: FileOutputCommitter skip cleanup _temporary folders under output directory:false, ignore cleanup failures: false
26/08/09 14:29:51 INFO SQLHadoopMapReduceCommitProtocol: Using user defined output committer class org.apache.parquet.hadoop.ParquetOutputCommitter
26/08/09 14:29:51 INFO SQLHadoopMapReduceCommitProtocol: Using user defined output committer class org.apache.parquet.hadoop.ParquetOutputCommitter
26/08/09 14:29:51 INFO FileOutputCommitter: File Output Committer Algorithm version is 1
26/08/09 14:29:51 INFO FileOutputCommitter: File Output Committer Algorithm version is 1
26/08/09 14:29:51 INFO FileOutputCommitter: FileOutputCommitter skip cleanup _temporary folders under output directory:false, ignore cleanup failures: false
26/08/09 14:29:51 INFO FileOutputCommitter: FileOutputCommitter skip cleanup _temporary folders under output directory:false, ignore cleanup failures: false
26/08/09 14:29:51 INFO SQLHadoopMapReduceCommitProtocol: Using output committer class org.apache.parquet.hadoop.ParquetOutputCommitter
26/08/09 14:29:51 INFO SQLHadoopMapReduceCommitProtocol: Using output committer class org.apache.parquet.hadoop.ParquetOutputCommitter
26/08/09 14:29:51 INFO CodecConfig: Compression: SNAPPY
26/08/09 14:29:51 INFO CodecConfig: Compression: SNAPPY
26/08/09 14:29:51 INFO ParquetOutputFormat: ParquetRecordWriter [block size: 134217728b, row group padding size: 8388608b, validating: false]
26/08/09 14:29:51 INFO FormatModelRegistry: Unable to call register for (org.apache.iceberg.flink.data.FlinkFormatModels). Check for missing jars on the classpath: Cannot find method: register
26/08/09 14:29:51 INFO ParquetWriteSupport: Initialized Parquet WriteSupport with Catalyst schema:
{
  "type" : "struct",
  "fields" : [ {
    "name" : "field_id",
    "type" : "string",
    "nullable" : true,
    "metadata" : { }
  }, {
    "name" : "date",
    "type" : "string",
    "nullable" : true,
    "metadata" : { }
  }, {
    "name" : "dekad",
    "type" : "long",
    "nullable" : true,
    "metadata" : { }
  }, {
    "name" : "season",
    "type" : "long",
    "nullable" : true,
    "metadata" : { }
  }, {
    "name" : "mgrs_tile",
    "type" : "string",
    "nullable" : true,
    "metadata" : { }
  }, {
    "name" : "scene_id",
    "type" : "string",
    "nullable" : true,
    "metadata" : { }
  }, {
    "name" : "mean_ndvi",
    "type" : "double",
    "nullable" : true,
    "metadata" : { }
  }, {
    "name" : "valid_px",
    "type" : "integer",
    "nullable" : true,
    "metadata" : { }
  }, {
    "name" : "utm_zone",
    "type" : "integer",
    "nullable" : true,
    "metadata" : { }
  }, {
    "name" : "total_px",
    "type" : "integer",
    "nullable" : true,
    "metadata" : { }
  }, {
    "name" : "valid_frac",
    "type" : "double",
    "nullable" : true,
    "metadata" : { }
  } ]
}
and corresponding Parquet message type:
message spark_schema {
  optional binary field_id (STRING);
  optional binary date (STRING);
  optional int64 dekad;
  optional int64 season;
  optional binary mgrs_tile (STRING);
  optional binary scene_id (STRING);
  optional double mean_ndvi;
  optional int32 valid_px;
  optional int32 utm_zone;
  optional int32 total_px;
  optional double valid_frac;
}

       
26/08/09 14:29:51 INFO CodecPool: Got brand-new compressor [.snappy]
26/08/09 14:29:51 INFO VectorizedSparkParquetReaders: Enabling arrow.enable_unsafe_memory_access
26/08/09 14:29:51 INFO VectorizedSparkParquetReaders: Disabling arrow.enable_null_check_for_get
26/08/09 14:29:51 INFO BaseAllocator: Debug mode disabled. Enable with the VM option -Darrow.memory.debug.allocator=true.
26/08/09 14:29:51 INFO DefaultAllocationManagerOption: allocation manager type not specified, using netty as the default type
26/08/09 14:29:51 INFO CheckAllocator: Using DefaultAllocationManager at memory/DefaultAllocationManagerFactory.class
26/08/09 14:29:51 INFO CodecPool: Got brand-new decompressor [.zstd]
26/08/09 14:29:51 INFO CodecPool: Got brand-new decompressor [.zstd]
26/08/09 14:29:52 INFO CodecConfig: Compression: SNAPPY
26/08/09 14:29:52 INFO CodecConfig: Compression: SNAPPY
26/08/09 14:29:52 INFO ParquetOutputFormat: ParquetRecordWriter [block size: 134217728b, row group padding size: 8388608b, validating: false]
26/08/09 14:29:52 INFO ParquetWriteSupport: Initialized Parquet WriteSupport with Catalyst schema:
{
  "type" : "struct",
  "fields" : [ {
    "name" : "field_id",
    "type" : "string",
    "nullable" : true,
    "metadata" : { }
  }, {
    "name" : "date",
    "type" : "string",
    "nullable" : true,
    "metadata" : { }
  }, {
    "name" : "dekad",
    "type" : "long",
    "nullable" : true,
    "metadata" : { }
  }, {
    "name" : "season",
    "type" : "long",
    "nullable" : true,
    "metadata" : { }
  }, {
    "name" : "mgrs_tile",
    "type" : "string",
    "nullable" : true,
    "metadata" : { }
  }, {
    "name" : "scene_id",
    "type" : "string",
    "nullable" : true,
    "metadata" : { }
  }, {
    "name" : "mean_ndvi",
    "type" : "double",
    "nullable" : true,
    "metadata" : { }
  }, {
    "name" : "valid_px",
    "type" : "integer",
    "nullable" : true,
    "metadata" : { }
  }, {
    "name" : "utm_zone",
    "type" : "integer",
    "nullable" : true,
    "metadata" : { }
  }, {
    "name" : "total_px",
    "type" : "integer",
    "nullable" : true,
    "metadata" : { }
  }, {
    "name" : "valid_frac",
    "type" : "double",
    "nullable" : true,
    "metadata" : { }
  } ]
}
and corresponding Parquet message type:
message spark_schema {
  optional binary field_id (STRING);
  optional binary date (STRING);
  optional int64 dekad;
  optional int64 season;
  optional binary mgrs_tile (STRING);
  optional binary scene_id (STRING);
  optional double mean_ndvi;
  optional int32 valid_px;
  optional int32 utm_zone;
  optional int32 total_px;
  optional double valid_frac;
}

       
26/08/09 14:29:52 INFO CodecPool: Got brand-new compressor [.snappy]
26/08/09 14:29:52 INFO CodecPool: Got brand-new decompressor [.zstd]
26/08/09 14:29:52 INFO CodecPool: Got brand-new decompressor [.zstd]
26/08/09 14:29:52 INFO CodecPool: Got brand-new decompressor [.zstd]
26/08/09 14:29:52 INFO CodecPool: Got brand-new decompressor [.zstd]
26/08/09 14:29:52 INFO CodecPool: Got brand-new decompressor [.zstd]
26/08/09 14:29:52 INFO CodecPool: Got brand-new decompressor [.zstd]
26/08/09 14:29:52 INFO FileOutputCommitter: Saved output of task 'attempt_202608091429512653960820137022898_0003_m_000001_3' to file:/opt/s2fn/data/export/_temporary/0/task_202608091429512653960820137022898_0003_m_000001
26/08/09 14:29:52 INFO FileOutputCommitter: Saved output of task 'attempt_202608091429512653960820137022898_0003_m_000000_2' to file:/opt/s2fn/data/export/_temporary/0/task_202608091429512653960820137022898_0003_m_000000
26/08/09 14:29:52 INFO SparkHadoopMapRedUtil: attempt_202608091429512653960820137022898_0003_m_000000_2: Committed. Elapsed time: 0 ms.
26/08/09 14:29:52 INFO SparkHadoopMapRedUtil: attempt_202608091429512653960820137022898_0003_m_000001_3: Committed. Elapsed time: 0 ms.
26/08/09 14:29:52 INFO Executor: Finished task 1.0 in stage 3.0 (TID 3). 4407 bytes result sent to driver
26/08/09 14:29:52 INFO TaskSetManager: Finished task 1.0 in stage 3.0 (TID 3) in 1421 ms on 530ad38ba90a (executor driver) (1/2)
26/08/09 14:29:52 INFO Executor: Finished task 0.0 in stage 3.0 (TID 2). 4450 bytes result sent to driver
26/08/09 14:29:52 INFO TaskSetManager: Finished task 0.0 in stage 3.0 (TID 2) in 1439 ms on 530ad38ba90a (executor driver) (2/2)
26/08/09 14:29:52 INFO TaskSchedulerImpl: Removed TaskSet 3.0, whose tasks have all completed, from pool 
26/08/09 14:29:52 INFO DAGScheduler: ResultStage 3 (parquet at NativeMethodAccessorImpl.java:0) finished in 1.476 s
26/08/09 14:29:52 INFO DAGScheduler: Job 2 is finished. Cancelling potential speculative or zombie tasks for this job
26/08/09 14:29:52 INFO TaskSchedulerImpl: Killing all running tasks in stage 3: Stage finished
26/08/09 14:29:52 INFO DAGScheduler: Job 2 finished: parquet at NativeMethodAccessorImpl.java:0, took 1.480119 s
26/08/09 14:29:52 INFO FileFormatWriter: Start to commit write Job 4ead6df4-be7e-4e5e-b592-0066fc0defdf.
26/08/09 14:29:52 INFO FileFormatWriter: Write Job 4ead6df4-be7e-4e5e-b592-0066fc0defdf committed. Elapsed time: 8 ms.
26/08/09 14:29:52 INFO FileFormatWriter: Finished processing stats for write job 4ead6df4-be7e-4e5e-b592-0066fc0defdf.
26/08/09 14:29:52 INFO SnapshotScan: Scanning table local.crop.field_ndvi snapshot 7560351948039478489 created at 2026-08-09T09:32:30.287+00:00 with filter true
26/08/09 14:29:52 INFO BaseDistributedDataScan: Planning file tasks locally for table local.crop.field_ndvi
26/08/09 14:29:52 INFO V2ScanRelationPushDown: 
Pushing operators to local.crop.field_ndvi
Pushed Aggregate Functions:
 COUNT(*)
Pushed Group by:
 
         
26/08/09 14:29:52 INFO CodeGenerator: Code generated in 10.015158 ms
26/08/09 14:29:52 INFO CodeGenerator: Code generated in 6.125778 ms
26/08/09 14:29:53 INFO DAGScheduler: Registering RDD 12 (count at NativeMethodAccessorImpl.java:0) as input to shuffle 1
26/08/09 14:29:53 INFO DAGScheduler: Got map stage job 3 (count at NativeMethodAccessorImpl.java:0) with 1 output partitions
26/08/09 14:29:53 INFO DAGScheduler: Final stage: ShuffleMapStage 4 (count at NativeMethodAccessorImpl.java:0)
26/08/09 14:29:53 INFO DAGScheduler: Parents of final stage: List()
26/08/09 14:29:53 INFO DAGScheduler: Missing parents: List()
26/08/09 14:29:53 INFO DAGScheduler: Submitting ShuffleMapStage 4 (MapPartitionsRDD[12] at count at NativeMethodAccessorImpl.java:0), which has no missing parents
26/08/09 14:29:53 INFO MemoryStore: Block broadcast_7 stored as values in memory (estimated size 12.6 KiB, free 7.0 GiB)
26/08/09 14:29:53 INFO MemoryStore: Block broadcast_7_piece0 stored as bytes in memory (estimated size 6.2 KiB, free 7.0 GiB)
26/08/09 14:29:53 INFO BlockManagerInfo: Added broadcast_7_piece0 in memory on 530ad38ba90a:40111 (size: 6.2 KiB, free: 7.0 GiB)
26/08/09 14:29:53 INFO SparkContext: Created broadcast 7 from broadcast at DAGScheduler.scala:1611
26/08/09 14:29:53 INFO DAGScheduler: Submitting 1 missing tasks from ShuffleMapStage 4 (MapPartitionsRDD[12] at count at NativeMethodAccessorImpl.java:0) (first 15 tasks are for partitions Vector(0))
26/08/09 14:29:53 INFO TaskSchedulerImpl: Adding task set 4.0 with 1 tasks resource profile 0
26/08/09 14:29:53 INFO TaskSetManager: Starting task 0.0 in stage 4.0 (TID 4) (530ad38ba90a, executor driver, partition 0, PROCESS_LOCAL, 8894 bytes) 
26/08/09 14:29:53 INFO Executor: Running task 0.0 in stage 4.0 (TID 4)
26/08/09 14:29:53 INFO CodeGenerator: Code generated in 8.004036 ms
26/08/09 14:29:53 INFO Executor: Finished task 0.0 in stage 4.0 (TID 4). 1774 bytes result sent to driver
26/08/09 14:29:53 INFO TaskSetManager: Finished task 0.0 in stage 4.0 (TID 4) in 17 ms on 530ad38ba90a (executor driver) (1/1)
26/08/09 14:29:53 INFO TaskSchedulerImpl: Removed TaskSet 4.0, whose tasks have all completed, from pool 
26/08/09 14:29:53 INFO DAGScheduler: ShuffleMapStage 4 (count at NativeMethodAccessorImpl.java:0) finished in 0.025 s
26/08/09 14:29:53 INFO DAGScheduler: looking for newly runnable stages
26/08/09 14:29:53 INFO DAGScheduler: running: Set()
26/08/09 14:29:53 INFO DAGScheduler: waiting: Set()
26/08/09 14:29:53 INFO DAGScheduler: failed: Set()
26/08/09 14:29:53 INFO BlockManagerInfo: Removed broadcast_6_piece0 on 530ad38ba90a:40111 in memory (size: 78.9 KiB, free: 7.0 GiB)
26/08/09 14:29:53 INFO BlockManagerInfo: Removed broadcast_2_piece0 on 530ad38ba90a:40111 in memory (size: 27.0 KiB, free: 7.0 GiB)
26/08/09 14:29:53 INFO BlockManagerInfo: Removed broadcast_3_piece0 on 530ad38ba90a:40111 in memory (size: 26.5 KiB, free: 7.0 GiB)
26/08/09 14:29:53 INFO CodeGenerator: Code generated in 7.787446 ms
26/08/09 14:29:53 INFO SparkContext: Starting job: count at NativeMethodAccessorImpl.java:0
26/08/09 14:29:53 INFO DAGScheduler: Got job 4 (count at NativeMethodAccessorImpl.java:0) with 1 output partitions
26/08/09 14:29:53 INFO DAGScheduler: Final stage: ResultStage 6 (count at NativeMethodAccessorImpl.java:0)
26/08/09 14:29:53 INFO DAGScheduler: Parents of final stage: List(ShuffleMapStage 5)
26/08/09 14:29:53 INFO DAGScheduler: Missing parents: List()
26/08/09 14:29:53 INFO DAGScheduler: Submitting ResultStage 6 (MapPartitionsRDD[15] at count at NativeMethodAccessorImpl.java:0), which has no missing parents
26/08/09 14:29:53 INFO MemoryStore: Block broadcast_8 stored as values in memory (estimated size 13.7 KiB, free 7.0 GiB)
26/08/09 14:29:53 INFO MemoryStore: Block broadcast_8_piece0 stored as bytes in memory (estimated size 6.4 KiB, free 7.0 GiB)
26/08/09 14:29:53 INFO BlockManagerInfo: Added broadcast_8_piece0 in memory on 530ad38ba90a:40111 (size: 6.4 KiB, free: 7.0 GiB)
26/08/09 14:29:53 INFO SparkContext: Created broadcast 8 from broadcast at DAGScheduler.scala:1611
26/08/09 14:29:53 INFO DAGScheduler: Submitting 1 missing tasks from ResultStage 6 (MapPartitionsRDD[15] at count at NativeMethodAccessorImpl.java:0) (first 15 tasks are for partitions Vector(0))
26/08/09 14:29:53 INFO TaskSchedulerImpl: Adding task set 6.0 with 1 tasks resource profile 0
26/08/09 14:29:53 INFO TaskSetManager: Starting task 0.0 in stage 6.0 (TID 5) (530ad38ba90a, executor driver, partition 0, NODE_LOCAL, 8999 bytes) 
26/08/09 14:29:53 INFO Executor: Running task 0.0 in stage 6.0 (TID 5)
26/08/09 14:29:53 INFO ShuffleBlockFetcherIterator: Getting 1 (60.0 B) non-empty blocks including 1 (60.0 B) local and 0 (0.0 B) host-local and 0 (0.0 B) push-merged-local and 0 (0.0 B) remote blocks
26/08/09 14:29:53 INFO ShuffleBlockFetcherIterator: Started 0 remote fetches in 0 ms
26/08/09 14:29:53 INFO CodeGenerator: Code generated in 7.378598 ms
26/08/09 14:29:53 INFO Executor: Finished task 0.0 in stage 6.0 (TID 5). 3808 bytes result sent to driver
26/08/09 14:29:53 INFO TaskSetManager: Finished task 0.0 in stage 6.0 (TID 5) in 16 ms on 530ad38ba90a (executor driver) (1/1)
26/08/09 14:29:53 INFO TaskSchedulerImpl: Removed TaskSet 6.0, whose tasks have all completed, from pool 
26/08/09 14:29:53 INFO DAGScheduler: ResultStage 6 (count at NativeMethodAccessorImpl.java:0) finished in 0.021 s
26/08/09 14:29:53 INFO DAGScheduler: Job 4 is finished. Cancelling potential speculative or zombie tasks for this job
26/08/09 14:29:53 INFO TaskSchedulerImpl: Killing all running tasks in stage 6: Stage finished
26/08/09 14:29:53 INFO DAGScheduler: Job 4 finished: count at NativeMethodAccessorImpl.java:0, took 0.023713 s
EXPORTED 384144
26/08/09 14:29:53 INFO SparkContext: Invoking stop() from shutdown hook
26/08/09 14:29:53 INFO SparkContext: SparkContext is stopping with exitCode 0.
26/08/09 14:29:53 INFO SparkUI: Stopped Spark web UI at http://530ad38ba90a:4040
26/08/09 14:29:53 INFO MapOutputTrackerMasterEndpoint: MapOutputTrackerMasterEndpoint stopped!
26/08/09 14:29:53 INFO MemoryStore: MemoryStore cleared
26/08/09 14:29:53 INFO BlockManager: BlockManager stopped
26/08/09 14:29:53 INFO BlockManagerMaster: BlockManagerMaster stopped
26/08/09 14:29:53 INFO OutputCommitCoordinator$OutputCommitCoordinatorEndpoint: OutputCommitCoordinator stopped!
26/08/09 14:29:53 INFO SparkContext: Successfully stopped SparkContext
26/08/09 14:29:53 INFO ShutdownHookManager: Shutdown hook called
26/08/09 14:29:53 INFO ShutdownHookManager: Deleting directory /tmp/spark-277daa23-f3d4-4f02-9f48-8ab2718f56a5
26/08/09 14:29:53 INFO ShutdownHookManager: Deleting directory /tmp/spark-277daa23-f3d4-4f02-9f48-8ab2718f56a5/pyspark-123f5a16-9e4a-43ae-ae26-9a0883ff1d65
26/08/09 14:29:53 INFO ShutdownHookManager: Deleting directory /tmp/spark-8920e477-6d7c-4410-961e-0ad89e1ed092
26/08/09 14:46:41 INFO SparkContext: Running Spark version 3.5.9
26/08/09 14:46:41 INFO SparkContext: OS info Linux, 6.1.177-224.371.amzn2023.aarch64, aarch64
26/08/09 14:46:41 INFO SparkContext: Java version 17.0.19
26/08/09 14:46:41 WARN NativeCodeLoader: Unable to load native-hadoop library for your platform... using builtin-java classes where applicable
26/08/09 14:46:41 INFO ResourceUtils: ==============================================================
26/08/09 14:46:41 INFO ResourceUtils: No custom resources configured for spark.driver.
26/08/09 14:46:41 INFO ResourceUtils: ==============================================================
26/08/09 14:46:41 INFO SparkContext: Submitted application: export
26/08/09 14:46:41 INFO ResourceProfile: Default ResourceProfile created, executor resources: Map(cores -> name: cores, amount: 1, script: , vendor: , memory -> name: memory, amount: 1024, script: , vendor: , offHeap -> name: offHeap, amount: 0, script: , vendor: ), task resources: Map(cpus -> name: cpus, amount: 1.0)
26/08/09 14:46:41 INFO ResourceProfile: Limiting resource is cpu
26/08/09 14:46:41 INFO ResourceProfileManager: Added ResourceProfile id: 0
26/08/09 14:46:41 INFO SecurityManager: Changing view acls to: spark
26/08/09 14:46:41 INFO SecurityManager: Changing modify acls to: spark
26/08/09 14:46:41 INFO SecurityManager: Changing view acls groups to: 
26/08/09 14:46:41 INFO SecurityManager: Changing modify acls groups to: 
26/08/09 14:46:41 INFO SecurityManager: SecurityManager: authentication disabled; ui acls disabled; users with view permissions: spark; groups with view permissions: EMPTY; users with modify permissions: spark; groups with modify permissions: EMPTY
26/08/09 14:46:41 INFO Utils: Successfully started service 'sparkDriver' on port 39079.
26/08/09 14:46:41 INFO SparkEnv: Registering MapOutputTracker
26/08/09 14:46:41 INFO SparkEnv: Registering BlockManagerMaster
26/08/09 14:46:41 INFO BlockManagerMasterEndpoint: Using org.apache.spark.storage.DefaultTopologyMapper for getting topology information
26/08/09 14:46:41 INFO BlockManagerMasterEndpoint: BlockManagerMasterEndpoint up
26/08/09 14:46:41 INFO SparkEnv: Registering BlockManagerMasterHeartbeat
26/08/09 14:46:41 INFO DiskBlockManager: Created local directory at /tmp/blockmgr-aa9b47cd-948f-4291-9c0e-d17861317ddf
26/08/09 14:46:41 INFO MemoryStore: MemoryStore started with capacity 7.0 GiB
26/08/09 14:46:41 INFO SparkEnv: Registering OutputCommitCoordinator
26/08/09 14:46:41 INFO JettyUtils: Start Jetty 0.0.0.0:4040 for SparkUI
26/08/09 14:46:41 INFO Utils: Successfully started service 'SparkUI' on port 4040.
26/08/09 14:46:41 INFO Executor: Starting executor ID driver on host 4ab9d48311e9
26/08/09 14:46:41 INFO Executor: OS info Linux, 6.1.177-224.371.amzn2023.aarch64, aarch64
26/08/09 14:46:41 INFO Executor: Java version 17.0.19
26/08/09 14:46:41 INFO Executor: Starting executor with user classpath (userClassPathFirst = false): ''
26/08/09 14:46:41 INFO Executor: Created or updated repl class loader org.apache.spark.util.MutableURLClassLoader@459c8908 for default.
26/08/09 14:46:41 INFO Utils: Successfully started service 'org.apache.spark.network.netty.NettyBlockTransferService' on port 42285.
26/08/09 14:46:41 INFO NettyBlockTransferService: Server created on 4ab9d48311e9:42285
26/08/09 14:46:41 INFO BlockManager: Using org.apache.spark.storage.RandomBlockReplicationPolicy for block replication policy
26/08/09 14:46:41 INFO BlockManagerMaster: Registering BlockManager BlockManagerId(driver, 4ab9d48311e9, 42285, None)
26/08/09 14:46:41 INFO BlockManagerMasterEndpoint: Registering block manager 4ab9d48311e9:42285 with 7.0 GiB RAM, BlockManagerId(driver, 4ab9d48311e9, 42285, None)
26/08/09 14:46:41 INFO BlockManagerMaster: Registered BlockManager BlockManagerId(driver, 4ab9d48311e9, 42285, None)
26/08/09 14:46:41 INFO BlockManager: Initialized BlockManager: BlockManagerId(driver, 4ab9d48311e9, 42285, None)
26/08/09 14:46:42 INFO SharedState: Setting hive.metastore.warehouse.dir ('null') to the value of spark.sql.warehouse.dir.
26/08/09 14:46:42 INFO SharedState: Warehouse path is 'file:/opt/s2fn/spark-warehouse'.
26/08/09 14:46:43 INFO CodeGenerator: Code generated in 128.642021 ms
26/08/09 14:46:43 INFO DAGScheduler: Registering RDD 2 (count at NativeMethodAccessorImpl.java:0) as input to shuffle 0
26/08/09 14:46:43 INFO DAGScheduler: Got map stage job 0 (count at NativeMethodAccessorImpl.java:0) with 1 output partitions
26/08/09 14:46:43 INFO DAGScheduler: Final stage: ShuffleMapStage 0 (count at NativeMethodAccessorImpl.java:0)
26/08/09 14:46:43 INFO DAGScheduler: Parents of final stage: List()
26/08/09 14:46:43 INFO DAGScheduler: Missing parents: List()
26/08/09 14:46:43 INFO DAGScheduler: Submitting ShuffleMapStage 0 (MapPartitionsRDD[2] at count at NativeMethodAccessorImpl.java:0), which has no missing parents
26/08/09 14:46:43 INFO MemoryStore: Block broadcast_0 stored as values in memory (estimated size 11.0 KiB, free 7.0 GiB)
26/08/09 14:46:44 INFO MemoryStore: Block broadcast_0_piece0 stored as bytes in memory (estimated size 5.7 KiB, free 7.0 GiB)
26/08/09 14:46:44 INFO BlockManagerInfo: Added broadcast_0_piece0 in memory on 4ab9d48311e9:42285 (size: 5.7 KiB, free: 7.0 GiB)
26/08/09 14:46:44 INFO SparkContext: Created broadcast 0 from broadcast at DAGScheduler.scala:1611
26/08/09 14:46:44 INFO DAGScheduler: Submitting 1 missing tasks from ShuffleMapStage 0 (MapPartitionsRDD[2] at count at NativeMethodAccessorImpl.java:0) (first 15 tasks are for partitions Vector(0))
26/08/09 14:46:44 INFO TaskSchedulerImpl: Adding task set 0.0 with 1 tasks resource profile 0
26/08/09 14:46:44 INFO TaskSetManager: Starting task 0.0 in stage 0.0 (TID 0) (4ab9d48311e9, executor driver, partition 0, PROCESS_LOCAL, 8934 bytes) 
26/08/09 14:46:44 INFO Executor: Running task 0.0 in stage 0.0 (TID 0)
26/08/09 14:46:44 INFO CodeGenerator: Code generated in 10.11351 ms
26/08/09 14:46:44 INFO Executor: Finished task 0.0 in stage 0.0 (TID 0). 1817 bytes result sent to driver
26/08/09 14:46:44 INFO TaskSetManager: Finished task 0.0 in stage 0.0 (TID 0) in 127 ms on 4ab9d48311e9 (executor driver) (1/1)
26/08/09 14:46:44 INFO TaskSchedulerImpl: Removed TaskSet 0.0, whose tasks have all completed, from pool 
26/08/09 14:46:44 INFO DAGScheduler: ShuffleMapStage 0 (count at NativeMethodAccessorImpl.java:0) finished in 0.417 s
26/08/09 14:46:44 INFO DAGScheduler: looking for newly runnable stages
26/08/09 14:46:44 INFO DAGScheduler: running: Set()
26/08/09 14:46:44 INFO DAGScheduler: waiting: Set()
26/08/09 14:46:44 INFO DAGScheduler: failed: Set()
26/08/09 14:46:44 INFO CodeGenerator: Code generated in 10.099975 ms
26/08/09 14:46:44 INFO SparkContext: Starting job: count at NativeMethodAccessorImpl.java:0
26/08/09 14:46:44 INFO DAGScheduler: Got job 1 (count at NativeMethodAccessorImpl.java:0) with 1 output partitions
26/08/09 14:46:44 INFO DAGScheduler: Final stage: ResultStage 2 (count at NativeMethodAccessorImpl.java:0)
26/08/09 14:46:44 INFO DAGScheduler: Parents of final stage: List(ShuffleMapStage 1)
26/08/09 14:46:44 INFO DAGScheduler: Missing parents: List()
26/08/09 14:46:44 INFO DAGScheduler: Submitting ResultStage 2 (MapPartitionsRDD[5] at count at NativeMethodAccessorImpl.java:0), which has no missing parents
26/08/09 14:46:44 INFO MemoryStore: Block broadcast_1 stored as values in memory (estimated size 12.5 KiB, free 7.0 GiB)
26/08/09 14:46:44 INFO MemoryStore: Block broadcast_1_piece0 stored as bytes in memory (estimated size 5.9 KiB, free 7.0 GiB)
26/08/09 14:46:44 INFO BlockManagerInfo: Added broadcast_1_piece0 in memory on 4ab9d48311e9:42285 (size: 5.9 KiB, free: 7.0 GiB)
26/08/09 14:46:44 INFO SparkContext: Created broadcast 1 from broadcast at DAGScheduler.scala:1611
26/08/09 14:46:44 INFO DAGScheduler: Submitting 1 missing tasks from ResultStage 2 (MapPartitionsRDD[5] at count at NativeMethodAccessorImpl.java:0) (first 15 tasks are for partitions Vector(0))
26/08/09 14:46:44 INFO TaskSchedulerImpl: Adding task set 2.0 with 1 tasks resource profile 0
26/08/09 14:46:44 INFO TaskSetManager: Starting task 0.0 in stage 2.0 (TID 1) (4ab9d48311e9, executor driver, partition 0, NODE_LOCAL, 8999 bytes) 
26/08/09 14:46:44 INFO Executor: Running task 0.0 in stage 2.0 (TID 1)
26/08/09 14:46:44 INFO ShuffleBlockFetcherIterator: Getting 1 (60.0 B) non-empty blocks including 1 (60.0 B) local and 0 (0.0 B) host-local and 0 (0.0 B) push-merged-local and 0 (0.0 B) remote blocks
26/08/09 14:46:44 INFO ShuffleBlockFetcherIterator: Started 0 remote fetches in 7 ms
26/08/09 14:46:44 INFO CodeGenerator: Code generated in 8.857209 ms
26/08/09 14:46:44 INFO Executor: Finished task 0.0 in stage 2.0 (TID 1). 3808 bytes result sent to driver
26/08/09 14:46:44 INFO TaskSetManager: Finished task 0.0 in stage 2.0 (TID 1) in 61 ms on 4ab9d48311e9 (executor driver) (1/1)
26/08/09 14:46:44 INFO TaskSchedulerImpl: Removed TaskSet 2.0, whose tasks have all completed, from pool 
26/08/09 14:46:44 INFO DAGScheduler: ResultStage 2 (count at NativeMethodAccessorImpl.java:0) finished in 0.071 s
26/08/09 14:46:44 INFO DAGScheduler: Job 1 is finished. Cancelling potential speculative or zombie tasks for this job
26/08/09 14:46:44 INFO TaskSchedulerImpl: Killing all running tasks in stage 2: Stage finished
26/08/09 14:46:44 INFO DAGScheduler: Job 1 finished: count at NativeMethodAccessorImpl.java:0, took 0.082852 s
26/08/09 14:46:44 INFO BlockManagerInfo: Removed broadcast_1_piece0 on 4ab9d48311e9:42285 in memory (size: 5.9 KiB, free: 7.0 GiB)
26/08/09 14:46:44 INFO BlockManagerInfo: Removed broadcast_0_piece0 on 4ab9d48311e9:42285 in memory (size: 5.7 KiB, free: 7.0 GiB)
26/08/09 14:46:45 INFO CatalogUtil: Loading custom FileIO implementation: org.apache.iceberg.hadoop.HadoopFileIO
26/08/09 14:46:46 INFO BaseMetastoreCatalog: Table loaded by catalog: local.crop.field_ndvi
26/08/09 14:46:46 INFO V2ScanRelationPushDown: 
Output: field_id#30, date#31, dekad#32L, season#33L, mgrs_tile#34, scene_id#35, mean_ndvi#36, valid_px#37, utm_zone#38, total_px#39, valid_frac#40
         
26/08/09 14:46:46 INFO SnapshotScan: Scanning table local.crop.field_ndvi snapshot 1901294908612050244 created at 2026-08-09T14:38:24.024+00:00 with filter true
26/08/09 14:46:46 INFO BaseDistributedDataScan: Planning file tasks locally for table local.crop.field_ndvi
26/08/09 14:46:46 INFO SparkPartitioningAwareScan: Reporting UnknownPartitioning with 4 partition(s) for table local.crop.field_ndvi
26/08/09 14:46:46 INFO MemoryStore: Block broadcast_2 stored as values in memory (estimated size 32.0 KiB, free 7.0 GiB)
26/08/09 14:46:46 INFO MemoryStore: Block broadcast_2_piece0 stored as bytes in memory (estimated size 27.0 KiB, free 7.0 GiB)
26/08/09 14:46:46 INFO BlockManagerInfo: Added broadcast_2_piece0 in memory on 4ab9d48311e9:42285 (size: 27.0 KiB, free: 7.0 GiB)
26/08/09 14:46:46 INFO SparkContext: Created broadcast 2 from broadcast at SparkBatch.java:90
26/08/09 14:46:46 INFO MemoryStore: Block broadcast_3 stored as values in memory (estimated size 32.0 KiB, free 7.0 GiB)
26/08/09 14:46:46 INFO MemoryStore: Block broadcast_3_piece0 stored as bytes in memory (estimated size 26.5 KiB, free 7.0 GiB)
26/08/09 14:46:46 INFO BlockManagerInfo: Added broadcast_3_piece0 in memory on 4ab9d48311e9:42285 (size: 26.5 KiB, free: 7.0 GiB)
26/08/09 14:46:46 INFO SparkContext: Created broadcast 3 from broadcast at SparkBatch.java:92
26/08/09 14:46:46 INFO MemoryStore: Block broadcast_4 stored as values in memory (estimated size 32.0 KiB, free 7.0 GiB)
26/08/09 14:46:46 INFO MemoryStore: Block broadcast_4_piece0 stored as bytes in memory (estimated size 27.0 KiB, free 7.0 GiB)
26/08/09 14:46:46 INFO BlockManagerInfo: Added broadcast_4_piece0 in memory on 4ab9d48311e9:42285 (size: 27.0 KiB, free: 7.0 GiB)
26/08/09 14:46:46 INFO SparkContext: Created broadcast 4 from broadcast at SparkBatch.java:90
26/08/09 14:46:46 INFO MemoryStore: Block broadcast_5 stored as values in memory (estimated size 32.0 KiB, free 7.0 GiB)
26/08/09 14:46:46 INFO MemoryStore: Block broadcast_5_piece0 stored as bytes in memory (estimated size 26.5 KiB, free 7.0 GiB)
26/08/09 14:46:46 INFO BlockManagerInfo: Added broadcast_5_piece0 in memory on 4ab9d48311e9:42285 (size: 26.5 KiB, free: 7.0 GiB)
26/08/09 14:46:46 INFO SparkContext: Created broadcast 5 from broadcast at SparkBatch.java:92
26/08/09 14:46:46 INFO ParquetUtils: Using default output committer for Parquet: org.apache.parquet.hadoop.ParquetOutputCommitter
26/08/09 14:46:46 INFO FileOutputCommitter: File Output Committer Algorithm version is 1
26/08/09 14:46:46 INFO FileOutputCommitter: FileOutputCommitter skip cleanup _temporary folders under output directory:false, ignore cleanup failures: false
26/08/09 14:46:46 INFO SQLHadoopMapReduceCommitProtocol: Using user defined output committer class org.apache.parquet.hadoop.ParquetOutputCommitter
26/08/09 14:46:46 INFO FileOutputCommitter: File Output Committer Algorithm version is 1
26/08/09 14:46:46 INFO FileOutputCommitter: FileOutputCommitter skip cleanup _temporary folders under output directory:false, ignore cleanup failures: false
26/08/09 14:46:46 INFO SQLHadoopMapReduceCommitProtocol: Using output committer class org.apache.parquet.hadoop.ParquetOutputCommitter
26/08/09 14:46:46 INFO CodeGenerator: Code generated in 24.462091 ms
26/08/09 14:46:46 INFO SparkContext: Starting job: parquet at NativeMethodAccessorImpl.java:0
26/08/09 14:46:46 INFO DAGScheduler: Got job 2 (parquet at NativeMethodAccessorImpl.java:0) with 4 output partitions
26/08/09 14:46:46 INFO DAGScheduler: Final stage: ResultStage 3 (parquet at NativeMethodAccessorImpl.java:0)
26/08/09 14:46:46 INFO DAGScheduler: Parents of final stage: List()
26/08/09 14:46:46 INFO DAGScheduler: Missing parents: List()
26/08/09 14:46:46 INFO DAGScheduler: Submitting ResultStage 3 (MapPartitionsRDD[9] at parquet at NativeMethodAccessorImpl.java:0), which has no missing parents
26/08/09 14:46:46 INFO MemoryStore: Block broadcast_6 stored as values in memory (estimated size 224.4 KiB, free 7.0 GiB)
26/08/09 14:46:46 INFO MemoryStore: Block broadcast_6_piece0 stored as bytes in memory (estimated size 78.9 KiB, free 7.0 GiB)
26/08/09 14:46:46 INFO BlockManagerInfo: Added broadcast_6_piece0 in memory on 4ab9d48311e9:42285 (size: 78.9 KiB, free: 7.0 GiB)
26/08/09 14:46:46 INFO SparkContext: Created broadcast 6 from broadcast at DAGScheduler.scala:1611
26/08/09 14:46:46 INFO DAGScheduler: Submitting 4 missing tasks from ResultStage 3 (MapPartitionsRDD[9] at parquet at NativeMethodAccessorImpl.java:0) (first 15 tasks are for partitions Vector(0, 1, 2, 3))
26/08/09 14:46:46 INFO TaskSchedulerImpl: Adding task set 3.0 with 4 tasks resource profile 0
26/08/09 14:46:46 INFO TaskSetManager: Starting task 0.0 in stage 3.0 (TID 2) (4ab9d48311e9, executor driver, partition 0, PROCESS_LOCAL, 17958 bytes) 
26/08/09 14:46:46 INFO TaskSetManager: Starting task 1.0 in stage 3.0 (TID 3) (4ab9d48311e9, executor driver, partition 1, PROCESS_LOCAL, 17957 bytes) 
26/08/09 14:46:46 INFO TaskSetManager: Starting task 2.0 in stage 3.0 (TID 4) (4ab9d48311e9, executor driver, partition 2, PROCESS_LOCAL, 17957 bytes) 
26/08/09 14:46:46 INFO TaskSetManager: Starting task 3.0 in stage 3.0 (TID 5) (4ab9d48311e9, executor driver, partition 3, PROCESS_LOCAL, 17241 bytes) 
26/08/09 14:46:46 INFO Executor: Running task 0.0 in stage 3.0 (TID 2)
26/08/09 14:46:46 INFO Executor: Running task 1.0 in stage 3.0 (TID 3)
26/08/09 14:46:46 INFO Executor: Running task 2.0 in stage 3.0 (TID 4)
26/08/09 14:46:46 INFO Executor: Running task 3.0 in stage 3.0 (TID 5)
26/08/09 14:46:46 INFO CodeGenerator: Code generated in 16.814506 ms
26/08/09 14:46:46 INFO FileOutputCommitter: File Output Committer Algorithm version is 1
26/08/09 14:46:46 INFO FileOutputCommitter: File Output Committer Algorithm version is 1
26/08/09 14:46:46 INFO FileOutputCommitter: File Output Committer Algorithm version is 1
26/08/09 14:46:46 INFO FileOutputCommitter: File Output Committer Algorithm version is 1
26/08/09 14:46:46 INFO FileOutputCommitter: FileOutputCommitter skip cleanup _temporary folders under output directory:false, ignore cleanup failures: false
26/08/09 14:46:46 INFO FileOutputCommitter: FileOutputCommitter skip cleanup _temporary folders under output directory:false, ignore cleanup failures: false
26/08/09 14:46:46 INFO FileOutputCommitter: FileOutputCommitter skip cleanup _temporary folders under output directory:false, ignore cleanup failures: false
26/08/09 14:46:46 INFO FileOutputCommitter: FileOutputCommitter skip cleanup _temporary folders under output directory:false, ignore cleanup failures: false
26/08/09 14:46:46 INFO SQLHadoopMapReduceCommitProtocol: Using user defined output committer class org.apache.parquet.hadoop.ParquetOutputCommitter
26/08/09 14:46:46 INFO SQLHadoopMapReduceCommitProtocol: Using user defined output committer class org.apache.parquet.hadoop.ParquetOutputCommitter
26/08/09 14:46:46 INFO SQLHadoopMapReduceCommitProtocol: Using user defined output committer class org.apache.parquet.hadoop.ParquetOutputCommitter
26/08/09 14:46:46 INFO SQLHadoopMapReduceCommitProtocol: Using user defined output committer class org.apache.parquet.hadoop.ParquetOutputCommitter
26/08/09 14:46:46 INFO FileOutputCommitter: File Output Committer Algorithm version is 1
26/08/09 14:46:46 INFO FileOutputCommitter: FileOutputCommitter skip cleanup _temporary folders under output directory:false, ignore cleanup failures: false
26/08/09 14:46:46 INFO FileOutputCommitter: File Output Committer Algorithm version is 1
26/08/09 14:46:46 INFO FileOutputCommitter: File Output Committer Algorithm version is 1
26/08/09 14:46:46 INFO FileOutputCommitter: File Output Committer Algorithm version is 1
26/08/09 14:46:46 INFO FileOutputCommitter: FileOutputCommitter skip cleanup _temporary folders under output directory:false, ignore cleanup failures: false
26/08/09 14:46:46 INFO FileOutputCommitter: FileOutputCommitter skip cleanup _temporary folders under output directory:false, ignore cleanup failures: false
26/08/09 14:46:46 INFO SQLHadoopMapReduceCommitProtocol: Using output committer class org.apache.parquet.hadoop.ParquetOutputCommitter
26/08/09 14:46:46 INFO FileOutputCommitter: FileOutputCommitter skip cleanup _temporary folders under output directory:false, ignore cleanup failures: false
26/08/09 14:46:46 INFO SQLHadoopMapReduceCommitProtocol: Using output committer class org.apache.parquet.hadoop.ParquetOutputCommitter
26/08/09 14:46:46 INFO SQLHadoopMapReduceCommitProtocol: Using output committer class org.apache.parquet.hadoop.ParquetOutputCommitter
26/08/09 14:46:46 INFO SQLHadoopMapReduceCommitProtocol: Using output committer class org.apache.parquet.hadoop.ParquetOutputCommitter
26/08/09 14:46:46 INFO CodecConfig: Compression: SNAPPY
26/08/09 14:46:46 INFO CodecConfig: Compression: SNAPPY
26/08/09 14:46:46 INFO ParquetOutputFormat: ParquetRecordWriter [block size: 134217728b, row group padding size: 8388608b, validating: false]
26/08/09 14:46:46 INFO FormatModelRegistry: Unable to call register for (org.apache.iceberg.flink.data.FlinkFormatModels). Check for missing jars on the classpath: Cannot find method: register
26/08/09 14:46:46 INFO ParquetWriteSupport: Initialized Parquet WriteSupport with Catalyst schema:
{
  "type" : "struct",
  "fields" : [ {
    "name" : "field_id",
    "type" : "string",
    "nullable" : true,
    "metadata" : { }
  }, {
    "name" : "date",
    "type" : "string",
    "nullable" : true,
    "metadata" : { }
  }, {
    "name" : "dekad",
    "type" : "long",
    "nullable" : true,
    "metadata" : { }
  }, {
    "name" : "season",
    "type" : "long",
    "nullable" : true,
    "metadata" : { }
  }, {
    "name" : "mgrs_tile",
    "type" : "string",
    "nullable" : true,
    "metadata" : { }
  }, {
    "name" : "scene_id",
    "type" : "string",
    "nullable" : true,
    "metadata" : { }
  }, {
    "name" : "mean_ndvi",
    "type" : "double",
    "nullable" : true,
    "metadata" : { }
  }, {
    "name" : "valid_px",
    "type" : "integer",
    "nullable" : true,
    "metadata" : { }
  }, {
    "name" : "utm_zone",
    "type" : "integer",
    "nullable" : true,
    "metadata" : { }
  }, {
    "name" : "total_px",
    "type" : "integer",
    "nullable" : true,
    "metadata" : { }
  }, {
    "name" : "valid_frac",
    "type" : "double",
    "nullable" : true,
    "metadata" : { }
  } ]
}
and corresponding Parquet message type:
message spark_schema {
  optional binary field_id (STRING);
  optional binary date (STRING);
  optional int64 dekad;
  optional int64 season;
  optional binary mgrs_tile (STRING);
  optional binary scene_id (STRING);
  optional double mean_ndvi;
  optional int32 valid_px;
  optional int32 utm_zone;
  optional int32 total_px;
  optional double valid_frac;
}

       
26/08/09 14:46:46 INFO CodecPool: Got brand-new compressor [.snappy]
26/08/09 14:46:47 INFO VectorizedSparkParquetReaders: Enabling arrow.enable_unsafe_memory_access
26/08/09 14:46:47 INFO VectorizedSparkParquetReaders: Disabling arrow.enable_null_check_for_get
26/08/09 14:46:47 INFO BaseAllocator: Debug mode disabled. Enable with the VM option -Darrow.memory.debug.allocator=true.
26/08/09 14:46:47 INFO DefaultAllocationManagerOption: allocation manager type not specified, using netty as the default type
26/08/09 14:46:47 INFO CheckAllocator: Using DefaultAllocationManager at memory/DefaultAllocationManagerFactory.class
26/08/09 14:46:47 INFO CodecPool: Got brand-new decompressor [.zstd]
26/08/09 14:46:47 INFO CodecPool: Got brand-new decompressor [.zstd]
26/08/09 14:46:47 INFO CodecPool: Got brand-new decompressor [.zstd]
26/08/09 14:46:47 INFO CodecPool: Got brand-new decompressor [.zstd]
26/08/09 14:46:47 INFO CodecConfig: Compression: SNAPPY
26/08/09 14:46:47 INFO CodecConfig: Compression: SNAPPY
26/08/09 14:46:47 INFO CodecConfig: Compression: SNAPPY
26/08/09 14:46:47 INFO CodecConfig: Compression: SNAPPY
26/08/09 14:46:47 INFO CodecConfig: Compression: SNAPPY
26/08/09 14:46:47 INFO CodecConfig: Compression: SNAPPY
26/08/09 14:46:47 INFO ParquetOutputFormat: ParquetRecordWriter [block size: 134217728b, row group padding size: 8388608b, validating: false]
26/08/09 14:46:47 INFO ParquetOutputFormat: ParquetRecordWriter [block size: 134217728b, row group padding size: 8388608b, validating: false]
26/08/09 14:46:47 INFO ParquetOutputFormat: ParquetRecordWriter [block size: 134217728b, row group padding size: 8388608b, validating: false]
26/08/09 14:46:47 INFO ParquetWriteSupport: Initialized Parquet WriteSupport with Catalyst schema:
{
  "type" : "struct",
  "fields" : [ {
    "name" : "field_id",
    "type" : "string",
    "nullable" : true,
    "metadata" : { }
  }, {
    "name" : "date",
    "type" : "string",
    "nullable" : true,
    "metadata" : { }
  }, {
    "name" : "dekad",
    "type" : "long",
    "nullable" : true,
    "metadata" : { }
  }, {
    "name" : "season",
    "type" : "long",
    "nullable" : true,
    "metadata" : { }
  }, {
    "name" : "mgrs_tile",
    "type" : "string",
    "nullable" : true,
    "metadata" : { }
  }, {
    "name" : "scene_id",
    "type" : "string",
    "nullable" : true,
    "metadata" : { }
  }, {
    "name" : "mean_ndvi",
    "type" : "double",
    "nullable" : true,
    "metadata" : { }
  }, {
    "name" : "valid_px",
    "type" : "integer",
    "nullable" : true,
    "metadata" : { }
  }, {
    "name" : "utm_zone",
    "type" : "integer",
    "nullable" : true,
    "metadata" : { }
  }, {
    "name" : "total_px",
    "type" : "integer",
    "nullable" : true,
    "metadata" : { }
  }, {
    "name" : "valid_frac",
    "type" : "double",
    "nullable" : true,
    "metadata" : { }
  } ]
}
and corresponding Parquet message type:
message spark_schema {
  optional binary field_id (STRING);
  optional binary date (STRING);
  optional int64 dekad;
  optional int64 season;
  optional binary mgrs_tile (STRING);
  optional binary scene_id (STRING);
  optional double mean_ndvi;
  optional int32 valid_px;
  optional int32 utm_zone;
  optional int32 total_px;
  optional double valid_frac;
}

       
26/08/09 14:46:47 INFO ParquetWriteSupport: Initialized Parquet WriteSupport with Catalyst schema:
{
  "type" : "struct",
  "fields" : [ {
    "name" : "field_id",
    "type" : "string",
    "nullable" : true,
    "metadata" : { }
  }, {
    "name" : "date",
    "type" : "string",
    "nullable" : true,
    "metadata" : { }
  }, {
    "name" : "dekad",
    "type" : "long",
    "nullable" : true,
    "metadata" : { }
  }, {
    "name" : "season",
    "type" : "long",
    "nullable" : true,
    "metadata" : { }
  }, {
    "name" : "mgrs_tile",
    "type" : "string",
    "nullable" : true,
    "metadata" : { }
  }, {
    "name" : "scene_id",
    "type" : "string",
    "nullable" : true,
    "metadata" : { }
  }, {
    "name" : "mean_ndvi",
    "type" : "double",
    "nullable" : true,
    "metadata" : { }
  }, {
    "name" : "valid_px",
    "type" : "integer",
    "nullable" : true,
    "metadata" : { }
  }, {
    "name" : "utm_zone",
    "type" : "integer",
    "nullable" : true,
    "metadata" : { }
  }, {
    "name" : "total_px",
    "type" : "integer",
    "nullable" : true,
    "metadata" : { }
  }, {
    "name" : "valid_frac",
    "type" : "double",
    "nullable" : true,
    "metadata" : { }
  } ]
}
and corresponding Parquet message type:
message spark_schema {
  optional binary field_id (STRING);
  optional binary date (STRING);
  optional int64 dekad;
  optional int64 season;
  optional binary mgrs_tile (STRING);
  optional binary scene_id (STRING);
  optional double mean_ndvi;
  optional int32 valid_px;
  optional int32 utm_zone;
  optional int32 total_px;
  optional double valid_frac;
}

       
26/08/09 14:46:47 INFO ParquetWriteSupport: Initialized Parquet WriteSupport with Catalyst schema:
{
  "type" : "struct",
  "fields" : [ {
    "name" : "field_id",
    "type" : "string",
    "nullable" : true,
    "metadata" : { }
  }, {
    "name" : "date",
    "type" : "string",
    "nullable" : true,
    "metadata" : { }
  }, {
    "name" : "dekad",
    "type" : "long",
    "nullable" : true,
    "metadata" : { }
  }, {
    "name" : "season",
    "type" : "long",
    "nullable" : true,
    "metadata" : { }
  }, {
    "name" : "mgrs_tile",
    "type" : "string",
    "nullable" : true,
    "metadata" : { }
  }, {
    "name" : "scene_id",
    "type" : "string",
    "nullable" : true,
    "metadata" : { }
  }, {
    "name" : "mean_ndvi",
    "type" : "double",
    "nullable" : true,
    "metadata" : { }
  }, {
    "name" : "valid_px",
    "type" : "integer",
    "nullable" : true,
    "metadata" : { }
  }, {
    "name" : "utm_zone",
    "type" : "integer",
    "nullable" : true,
    "metadata" : { }
  }, {
    "name" : "total_px",
    "type" : "integer",
    "nullable" : true,
    "metadata" : { }
  }, {
    "name" : "valid_frac",
    "type" : "double",
    "nullable" : true,
    "metadata" : { }
  } ]
}
and corresponding Parquet message type:
message spark_schema {
  optional binary field_id (STRING);
  optional binary date (STRING);
  optional int64 dekad;
  optional int64 season;
  optional binary mgrs_tile (STRING);
  optional binary scene_id (STRING);
  optional double mean_ndvi;
  optional int32 valid_px;
  optional int32 utm_zone;
  optional int32 total_px;
  optional double valid_frac;
}

       
26/08/09 14:46:47 INFO CodecPool: Got brand-new compressor [.snappy]
26/08/09 14:46:47 INFO CodecPool: Got brand-new compressor [.snappy]
26/08/09 14:46:47 INFO CodecPool: Got brand-new compressor [.snappy]
26/08/09 14:46:47 INFO CodecPool: Got brand-new decompressor [.zstd]
26/08/09 14:46:47 INFO CodecPool: Got brand-new decompressor [.zstd]
26/08/09 14:46:47 INFO CodecPool: Got brand-new decompressor [.zstd]
26/08/09 14:46:47 INFO CodecPool: Got brand-new decompressor [.zstd]
26/08/09 14:46:47 INFO CodecPool: Got brand-new decompressor [.zstd]
26/08/09 14:46:47 INFO CodecPool: Got brand-new decompressor [.zstd]
26/08/09 14:46:47 INFO CodecPool: Got brand-new decompressor [.zstd]
26/08/09 14:46:47 INFO CodecPool: Got brand-new decompressor [.zstd]
26/08/09 14:46:47 INFO CodecPool: Got brand-new decompressor [.zstd]
26/08/09 14:46:47 INFO CodecPool: Got brand-new decompressor [.zstd]
26/08/09 14:46:47 INFO CodecPool: Got brand-new decompressor [.zstd]
26/08/09 14:46:48 INFO FileOutputCommitter: Saved output of task 'attempt_202608091446466645877119899559484_0003_m_000001_3' to file:/opt/s2fn/data/export/_temporary/0/task_202608091446466645877119899559484_0003_m_000001
26/08/09 14:46:48 INFO FileOutputCommitter: Saved output of task 'attempt_202608091446466645877119899559484_0003_m_000000_2' to file:/opt/s2fn/data/export/_temporary/0/task_202608091446466645877119899559484_0003_m_000000
26/08/09 14:46:48 INFO FileOutputCommitter: Saved output of task 'attempt_202608091446466645877119899559484_0003_m_000003_5' to file:/opt/s2fn/data/export/_temporary/0/task_202608091446466645877119899559484_0003_m_000003
26/08/09 14:46:48 INFO FileOutputCommitter: Saved output of task 'attempt_202608091446466645877119899559484_0003_m_000002_4' to file:/opt/s2fn/data/export/_temporary/0/task_202608091446466645877119899559484_0003_m_000002
26/08/09 14:46:48 INFO SparkHadoopMapRedUtil: attempt_202608091446466645877119899559484_0003_m_000002_4: Committed. Elapsed time: 0 ms.
26/08/09 14:46:48 INFO SparkHadoopMapRedUtil: attempt_202608091446466645877119899559484_0003_m_000001_3: Committed. Elapsed time: 0 ms.
26/08/09 14:46:48 INFO SparkHadoopMapRedUtil: attempt_202608091446466645877119899559484_0003_m_000000_2: Committed. Elapsed time: 0 ms.
26/08/09 14:46:48 INFO SparkHadoopMapRedUtil: attempt_202608091446466645877119899559484_0003_m_000003_5: Committed. Elapsed time: 0 ms.
26/08/09 14:46:48 INFO Executor: Finished task 1.0 in stage 3.0 (TID 3). 4407 bytes result sent to driver
26/08/09 14:46:48 INFO TaskSetManager: Finished task 1.0 in stage 3.0 (TID 3) in 1370 ms on 4ab9d48311e9 (executor driver) (1/4)
26/08/09 14:46:48 INFO Executor: Finished task 0.0 in stage 3.0 (TID 2). 4450 bytes result sent to driver
26/08/09 14:46:48 INFO Executor: Finished task 2.0 in stage 3.0 (TID 4). 4450 bytes result sent to driver
26/08/09 14:46:48 INFO Executor: Finished task 3.0 in stage 3.0 (TID 5). 4450 bytes result sent to driver
26/08/09 14:46:48 INFO TaskSetManager: Finished task 0.0 in stage 3.0 (TID 2) in 1388 ms on 4ab9d48311e9 (executor driver) (2/4)
26/08/09 14:46:48 INFO TaskSetManager: Finished task 2.0 in stage 3.0 (TID 4) in 1374 ms on 4ab9d48311e9 (executor driver) (3/4)
26/08/09 14:46:48 INFO TaskSetManager: Finished task 3.0 in stage 3.0 (TID 5) in 1375 ms on 4ab9d48311e9 (executor driver) (4/4)
26/08/09 14:46:48 INFO TaskSchedulerImpl: Removed TaskSet 3.0, whose tasks have all completed, from pool 
26/08/09 14:46:48 INFO DAGScheduler: ResultStage 3 (parquet at NativeMethodAccessorImpl.java:0) finished in 1.423 s
26/08/09 14:46:48 INFO DAGScheduler: Job 2 is finished. Cancelling potential speculative or zombie tasks for this job
26/08/09 14:46:48 INFO TaskSchedulerImpl: Killing all running tasks in stage 3: Stage finished
26/08/09 14:46:48 INFO DAGScheduler: Job 2 finished: parquet at NativeMethodAccessorImpl.java:0, took 1.426013 s
26/08/09 14:46:48 INFO FileFormatWriter: Start to commit write Job deb0620c-e372-4366-b497-8c688d793e97.
26/08/09 14:46:48 INFO FileFormatWriter: Write Job deb0620c-e372-4366-b497-8c688d793e97 committed. Elapsed time: 10 ms.
26/08/09 14:46:48 INFO FileFormatWriter: Finished processing stats for write job deb0620c-e372-4366-b497-8c688d793e97.
26/08/09 14:46:48 INFO SnapshotScan: Scanning table local.crop.field_ndvi snapshot 1901294908612050244 created at 2026-08-09T14:38:24.024+00:00 with filter true
26/08/09 14:46:48 INFO BaseDistributedDataScan: Planning file tasks locally for table local.crop.field_ndvi
26/08/09 14:46:48 INFO V2ScanRelationPushDown: 
Pushing operators to local.crop.field_ndvi
Pushed Aggregate Functions:
 COUNT(*)
Pushed Group by:
 
         
26/08/09 14:46:48 INFO CodeGenerator: Code generated in 12.27658 ms
26/08/09 14:46:48 INFO CodeGenerator: Code generated in 7.859808 ms
26/08/09 14:46:48 INFO DAGScheduler: Registering RDD 12 (count at NativeMethodAccessorImpl.java:0) as input to shuffle 1
26/08/09 14:46:48 INFO DAGScheduler: Got map stage job 3 (count at NativeMethodAccessorImpl.java:0) with 1 output partitions
26/08/09 14:46:48 INFO DAGScheduler: Final stage: ShuffleMapStage 4 (count at NativeMethodAccessorImpl.java:0)
26/08/09 14:46:48 INFO DAGScheduler: Parents of final stage: List()
26/08/09 14:46:48 INFO DAGScheduler: Missing parents: List()
26/08/09 14:46:48 INFO DAGScheduler: Submitting ShuffleMapStage 4 (MapPartitionsRDD[12] at count at NativeMethodAccessorImpl.java:0), which has no missing parents
26/08/09 14:46:48 INFO MemoryStore: Block broadcast_7 stored as values in memory (estimated size 12.6 KiB, free 7.0 GiB)
26/08/09 14:46:48 INFO MemoryStore: Block broadcast_7_piece0 stored as bytes in memory (estimated size 6.2 KiB, free 7.0 GiB)
26/08/09 14:46:48 INFO BlockManagerInfo: Added broadcast_7_piece0 in memory on 4ab9d48311e9:42285 (size: 6.2 KiB, free: 7.0 GiB)
26/08/09 14:46:48 INFO SparkContext: Created broadcast 7 from broadcast at DAGScheduler.scala:1611
26/08/09 14:46:48 INFO DAGScheduler: Submitting 1 missing tasks from ShuffleMapStage 4 (MapPartitionsRDD[12] at count at NativeMethodAccessorImpl.java:0) (first 15 tasks are for partitions Vector(0))
26/08/09 14:46:48 INFO TaskSchedulerImpl: Adding task set 4.0 with 1 tasks resource profile 0
26/08/09 14:46:48 INFO TaskSetManager: Starting task 0.0 in stage 4.0 (TID 6) (4ab9d48311e9, executor driver, partition 0, PROCESS_LOCAL, 8894 bytes) 
26/08/09 14:46:48 INFO Executor: Running task 0.0 in stage 4.0 (TID 6)
26/08/09 14:46:48 INFO CodeGenerator: Code generated in 10.067013 ms
26/08/09 14:46:48 INFO Executor: Finished task 0.0 in stage 4.0 (TID 6). 1774 bytes result sent to driver
26/08/09 14:46:48 INFO TaskSetManager: Finished task 0.0 in stage 4.0 (TID 6) in 20 ms on 4ab9d48311e9 (executor driver) (1/1)
26/08/09 14:46:48 INFO TaskSchedulerImpl: Removed TaskSet 4.0, whose tasks have all completed, from pool 
26/08/09 14:46:48 INFO DAGScheduler: ShuffleMapStage 4 (count at NativeMethodAccessorImpl.java:0) finished in 0.026 s
26/08/09 14:46:48 INFO DAGScheduler: looking for newly runnable stages
26/08/09 14:46:48 INFO DAGScheduler: running: Set()
26/08/09 14:46:48 INFO DAGScheduler: waiting: Set()
26/08/09 14:46:48 INFO DAGScheduler: failed: Set()
26/08/09 14:46:48 INFO CodeGenerator: Code generated in 9.116982 ms
26/08/09 14:46:48 INFO SparkContext: Starting job: count at NativeMethodAccessorImpl.java:0
26/08/09 14:46:48 INFO DAGScheduler: Got job 4 (count at NativeMethodAccessorImpl.java:0) with 1 output partitions
26/08/09 14:46:48 INFO DAGScheduler: Final stage: ResultStage 6 (count at NativeMethodAccessorImpl.java:0)
26/08/09 14:46:48 INFO DAGScheduler: Parents of final stage: List(ShuffleMapStage 5)
26/08/09 14:46:48 INFO DAGScheduler: Missing parents: List()
26/08/09 14:46:48 INFO DAGScheduler: Submitting ResultStage 6 (MapPartitionsRDD[15] at count at NativeMethodAccessorImpl.java:0), which has no missing parents
26/08/09 14:46:48 INFO MemoryStore: Block broadcast_8 stored as values in memory (estimated size 13.7 KiB, free 7.0 GiB)
26/08/09 14:46:48 INFO MemoryStore: Block broadcast_8_piece0 stored as bytes in memory (estimated size 6.4 KiB, free 7.0 GiB)
26/08/09 14:46:48 INFO BlockManagerInfo: Added broadcast_8_piece0 in memory on 4ab9d48311e9:42285 (size: 6.4 KiB, free: 7.0 GiB)
26/08/09 14:46:48 INFO BlockManagerInfo: Removed broadcast_7_piece0 on 4ab9d48311e9:42285 in memory (size: 6.2 KiB, free: 7.0 GiB)
26/08/09 14:46:48 INFO SparkContext: Created broadcast 8 from broadcast at DAGScheduler.scala:1611
26/08/09 14:46:48 INFO DAGScheduler: Submitting 1 missing tasks from ResultStage 6 (MapPartitionsRDD[15] at count at NativeMethodAccessorImpl.java:0) (first 15 tasks are for partitions Vector(0))
26/08/09 14:46:48 INFO TaskSchedulerImpl: Adding task set 6.0 with 1 tasks resource profile 0
26/08/09 14:46:48 INFO TaskSetManager: Starting task 0.0 in stage 6.0 (TID 7) (4ab9d48311e9, executor driver, partition 0, NODE_LOCAL, 8999 bytes) 
26/08/09 14:46:48 INFO Executor: Running task 0.0 in stage 6.0 (TID 7)
26/08/09 14:46:48 INFO ShuffleBlockFetcherIterator: Getting 1 (60.0 B) non-empty blocks including 1 (60.0 B) local and 0 (0.0 B) host-local and 0 (0.0 B) push-merged-local and 0 (0.0 B) remote blocks
26/08/09 14:46:48 INFO ShuffleBlockFetcherIterator: Started 0 remote fetches in 0 ms
26/08/09 14:46:48 INFO CodeGenerator: Code generated in 7.872344 ms
26/08/09 14:46:48 INFO Executor: Finished task 0.0 in stage 6.0 (TID 7). 3808 bytes result sent to driver
26/08/09 14:46:48 INFO TaskSetManager: Finished task 0.0 in stage 6.0 (TID 7) in 18 ms on 4ab9d48311e9 (executor driver) (1/1)
26/08/09 14:46:48 INFO TaskSchedulerImpl: Removed TaskSet 6.0, whose tasks have all completed, from pool 
26/08/09 14:46:48 INFO DAGScheduler: ResultStage 6 (count at NativeMethodAccessorImpl.java:0) finished in 0.026 s
26/08/09 14:46:48 INFO DAGScheduler: Job 4 is finished. Cancelling potential speculative or zombie tasks for this job
26/08/09 14:46:48 INFO TaskSchedulerImpl: Killing all running tasks in stage 6: Stage finished
26/08/09 14:46:48 INFO DAGScheduler: Job 4 finished: count at NativeMethodAccessorImpl.java:0, took 0.030101 s
EXPORTED 545062
26/08/09 14:46:48 INFO SparkContext: Invoking stop() from shutdown hook
26/08/09 14:46:48 INFO SparkContext: SparkContext is stopping with exitCode 0.
26/08/09 14:46:48 INFO SparkUI: Stopped Spark web UI at http://4ab9d48311e9:4040
26/08/09 14:46:48 INFO MapOutputTrackerMasterEndpoint: MapOutputTrackerMasterEndpoint stopped!
26/08/09 14:46:48 INFO MemoryStore: MemoryStore cleared
26/08/09 14:46:48 INFO BlockManager: BlockManager stopped
26/08/09 14:46:48 INFO BlockManagerMaster: BlockManagerMaster stopped
26/08/09 14:46:48 INFO OutputCommitCoordinator$OutputCommitCoordinatorEndpoint: OutputCommitCoordinator stopped!
26/08/09 14:46:48 INFO SparkContext: Successfully stopped SparkContext
26/08/09 14:46:48 INFO ShutdownHookManager: Shutdown hook called
26/08/09 14:46:48 INFO ShutdownHookManager: Deleting directory /tmp/spark-48e66e6e-603f-4d2f-8286-2809b729b5c8
26/08/09 14:46:48 INFO ShutdownHookManager: Deleting directory /tmp/spark-42ecf26d-89b7-4c49-b14e-f2bd4a8f5ac5/pyspark-9be01cba-e8ba-4c6b-bc5a-d401c1e7af5a
26/08/09 14:46:48 INFO ShutdownHookManager: Deleting directory /tmp/spark-42ecf26d-89b7-4c49-b14e-f2bd4a8f5ac5
26/08/09 14:47:05 INFO SparkContext: Running Spark version 3.5.9
26/08/09 14:47:05 INFO SparkContext: OS info Linux, 6.1.177-224.371.amzn2023.aarch64, aarch64
26/08/09 14:47:05 INFO SparkContext: Java version 17.0.19
26/08/09 14:47:05 WARN NativeCodeLoader: Unable to load native-hadoop library for your platform... using builtin-java classes where applicable
26/08/09 14:47:06 INFO ResourceUtils: ==============================================================
26/08/09 14:47:06 INFO ResourceUtils: No custom resources configured for spark.driver.
26/08/09 14:47:06 INFO ResourceUtils: ==============================================================
26/08/09 14:47:06 INFO SparkContext: Submitted application: export
26/08/09 14:47:06 INFO ResourceProfile: Default ResourceProfile created, executor resources: Map(cores -> name: cores, amount: 1, script: , vendor: , memory -> name: memory, amount: 1024, script: , vendor: , offHeap -> name: offHeap, amount: 0, script: , vendor: ), task resources: Map(cpus -> name: cpus, amount: 1.0)
26/08/09 14:47:06 INFO ResourceProfile: Limiting resource is cpu
26/08/09 14:47:06 INFO ResourceProfileManager: Added ResourceProfile id: 0
26/08/09 14:47:06 INFO SecurityManager: Changing view acls to: spark
26/08/09 14:47:06 INFO SecurityManager: Changing modify acls to: spark
26/08/09 14:47:06 INFO SecurityManager: Changing view acls groups to: 
26/08/09 14:47:06 INFO SecurityManager: Changing modify acls groups to: 
26/08/09 14:47:06 INFO SecurityManager: SecurityManager: authentication disabled; ui acls disabled; users with view permissions: spark; groups with view permissions: EMPTY; users with modify permissions: spark; groups with modify permissions: EMPTY
26/08/09 14:47:06 INFO Utils: Successfully started service 'sparkDriver' on port 44669.
26/08/09 14:47:06 INFO SparkEnv: Registering MapOutputTracker
26/08/09 14:47:06 INFO SparkEnv: Registering BlockManagerMaster
26/08/09 14:47:06 INFO BlockManagerMasterEndpoint: Using org.apache.spark.storage.DefaultTopologyMapper for getting topology information
26/08/09 14:47:06 INFO BlockManagerMasterEndpoint: BlockManagerMasterEndpoint up
26/08/09 14:47:06 INFO SparkEnv: Registering BlockManagerMasterHeartbeat
26/08/09 14:47:06 INFO DiskBlockManager: Created local directory at /tmp/blockmgr-bb640d6c-aa84-4282-a931-1382788000cc
26/08/09 14:47:06 INFO MemoryStore: MemoryStore started with capacity 7.0 GiB
26/08/09 14:47:06 INFO SparkEnv: Registering OutputCommitCoordinator
26/08/09 14:47:06 INFO JettyUtils: Start Jetty 0.0.0.0:4040 for SparkUI
26/08/09 14:47:06 INFO Utils: Successfully started service 'SparkUI' on port 4040.
26/08/09 14:47:06 INFO Executor: Starting executor ID driver on host 8faa89bde555
26/08/09 14:47:06 INFO Executor: OS info Linux, 6.1.177-224.371.amzn2023.aarch64, aarch64
26/08/09 14:47:06 INFO Executor: Java version 17.0.19
26/08/09 14:47:06 INFO Executor: Starting executor with user classpath (userClassPathFirst = false): ''
26/08/09 14:47:06 INFO Executor: Created or updated repl class loader org.apache.spark.util.MutableURLClassLoader@66601ae2 for default.
26/08/09 14:47:06 INFO Utils: Successfully started service 'org.apache.spark.network.netty.NettyBlockTransferService' on port 34995.
26/08/09 14:47:06 INFO NettyBlockTransferService: Server created on 8faa89bde555:34995
26/08/09 14:47:06 INFO BlockManager: Using org.apache.spark.storage.RandomBlockReplicationPolicy for block replication policy
26/08/09 14:47:06 INFO BlockManagerMaster: Registering BlockManager BlockManagerId(driver, 8faa89bde555, 34995, None)
26/08/09 14:47:06 INFO BlockManagerMasterEndpoint: Registering block manager 8faa89bde555:34995 with 7.0 GiB RAM, BlockManagerId(driver, 8faa89bde555, 34995, None)
26/08/09 14:47:06 INFO BlockManagerMaster: Registered BlockManager BlockManagerId(driver, 8faa89bde555, 34995, None)
26/08/09 14:47:06 INFO BlockManager: Initialized BlockManager: BlockManagerId(driver, 8faa89bde555, 34995, None)
26/08/09 14:47:06 INFO SharedState: Setting hive.metastore.warehouse.dir ('null') to the value of spark.sql.warehouse.dir.
26/08/09 14:47:06 INFO SharedState: Warehouse path is 'file:/opt/s2fn/spark-warehouse'.
26/08/09 14:47:08 INFO CodeGenerator: Code generated in 127.079707 ms
26/08/09 14:47:08 INFO DAGScheduler: Registering RDD 2 (count at NativeMethodAccessorImpl.java:0) as input to shuffle 0
26/08/09 14:47:08 INFO DAGScheduler: Got map stage job 0 (count at NativeMethodAccessorImpl.java:0) with 1 output partitions
26/08/09 14:47:08 INFO DAGScheduler: Final stage: ShuffleMapStage 0 (count at NativeMethodAccessorImpl.java:0)
26/08/09 14:47:08 INFO DAGScheduler: Parents of final stage: List()
26/08/09 14:47:08 INFO DAGScheduler: Missing parents: List()
26/08/09 14:47:08 INFO DAGScheduler: Submitting ShuffleMapStage 0 (MapPartitionsRDD[2] at count at NativeMethodAccessorImpl.java:0), which has no missing parents
26/08/09 14:47:08 INFO MemoryStore: Block broadcast_0 stored as values in memory (estimated size 11.0 KiB, free 7.0 GiB)
26/08/09 14:47:08 INFO MemoryStore: Block broadcast_0_piece0 stored as bytes in memory (estimated size 5.7 KiB, free 7.0 GiB)
26/08/09 14:47:08 INFO BlockManagerInfo: Added broadcast_0_piece0 in memory on 8faa89bde555:34995 (size: 5.7 KiB, free: 7.0 GiB)
26/08/09 14:47:08 INFO SparkContext: Created broadcast 0 from broadcast at DAGScheduler.scala:1611
26/08/09 14:47:09 INFO DAGScheduler: Submitting 1 missing tasks from ShuffleMapStage 0 (MapPartitionsRDD[2] at count at NativeMethodAccessorImpl.java:0) (first 15 tasks are for partitions Vector(0))
26/08/09 14:47:09 INFO TaskSchedulerImpl: Adding task set 0.0 with 1 tasks resource profile 0
26/08/09 14:47:09 INFO TaskSetManager: Starting task 0.0 in stage 0.0 (TID 0) (8faa89bde555, executor driver, partition 0, PROCESS_LOCAL, 8934 bytes) 
26/08/09 14:47:09 INFO Executor: Running task 0.0 in stage 0.0 (TID 0)
26/08/09 14:47:09 INFO CodeGenerator: Code generated in 10.052369 ms
26/08/09 14:47:09 INFO Executor: Finished task 0.0 in stage 0.0 (TID 0). 1817 bytes result sent to driver
26/08/09 14:47:09 INFO TaskSetManager: Finished task 0.0 in stage 0.0 (TID 0) in 122 ms on 8faa89bde555 (executor driver) (1/1)
26/08/09 14:47:09 INFO TaskSchedulerImpl: Removed TaskSet 0.0, whose tasks have all completed, from pool 
26/08/09 14:47:09 INFO DAGScheduler: ShuffleMapStage 0 (count at NativeMethodAccessorImpl.java:0) finished in 0.409 s
26/08/09 14:47:09 INFO DAGScheduler: looking for newly runnable stages
26/08/09 14:47:09 INFO DAGScheduler: running: Set()
26/08/09 14:47:09 INFO DAGScheduler: waiting: Set()
26/08/09 14:47:09 INFO DAGScheduler: failed: Set()
26/08/09 14:47:09 INFO CodeGenerator: Code generated in 9.681051 ms
26/08/09 14:47:09 INFO SparkContext: Starting job: count at NativeMethodAccessorImpl.java:0
26/08/09 14:47:09 INFO DAGScheduler: Got job 1 (count at NativeMethodAccessorImpl.java:0) with 1 output partitions
26/08/09 14:47:09 INFO DAGScheduler: Final stage: ResultStage 2 (count at NativeMethodAccessorImpl.java:0)
26/08/09 14:47:09 INFO DAGScheduler: Parents of final stage: List(ShuffleMapStage 1)
26/08/09 14:47:09 INFO DAGScheduler: Missing parents: List()
26/08/09 14:47:09 INFO DAGScheduler: Submitting ResultStage 2 (MapPartitionsRDD[5] at count at NativeMethodAccessorImpl.java:0), which has no missing parents
26/08/09 14:47:09 INFO MemoryStore: Block broadcast_1 stored as values in memory (estimated size 12.5 KiB, free 7.0 GiB)
26/08/09 14:47:09 INFO MemoryStore: Block broadcast_1_piece0 stored as bytes in memory (estimated size 5.9 KiB, free 7.0 GiB)
26/08/09 14:47:09 INFO BlockManagerInfo: Added broadcast_1_piece0 in memory on 8faa89bde555:34995 (size: 5.9 KiB, free: 7.0 GiB)
26/08/09 14:47:09 INFO SparkContext: Created broadcast 1 from broadcast at DAGScheduler.scala:1611
26/08/09 14:47:09 INFO DAGScheduler: Submitting 1 missing tasks from ResultStage 2 (MapPartitionsRDD[5] at count at NativeMethodAccessorImpl.java:0) (first 15 tasks are for partitions Vector(0))
26/08/09 14:47:09 INFO TaskSchedulerImpl: Adding task set 2.0 with 1 tasks resource profile 0
26/08/09 14:47:09 INFO TaskSetManager: Starting task 0.0 in stage 2.0 (TID 1) (8faa89bde555, executor driver, partition 0, NODE_LOCAL, 8999 bytes) 
26/08/09 14:47:09 INFO Executor: Running task 0.0 in stage 2.0 (TID 1)
26/08/09 14:47:09 INFO ShuffleBlockFetcherIterator: Getting 1 (60.0 B) non-empty blocks including 1 (60.0 B) local and 0 (0.0 B) host-local and 0 (0.0 B) push-merged-local and 0 (0.0 B) remote blocks
26/08/09 14:47:09 INFO ShuffleBlockFetcherIterator: Started 0 remote fetches in 7 ms
26/08/09 14:47:09 INFO CodeGenerator: Code generated in 7.828465 ms
26/08/09 14:47:09 INFO Executor: Finished task 0.0 in stage 2.0 (TID 1). 3808 bytes result sent to driver
26/08/09 14:47:09 INFO TaskSetManager: Finished task 0.0 in stage 2.0 (TID 1) in 59 ms on 8faa89bde555 (executor driver) (1/1)
26/08/09 14:47:09 INFO TaskSchedulerImpl: Removed TaskSet 2.0, whose tasks have all completed, from pool 
26/08/09 14:47:09 INFO DAGScheduler: ResultStage 2 (count at NativeMethodAccessorImpl.java:0) finished in 0.069 s
26/08/09 14:47:09 INFO DAGScheduler: Job 1 is finished. Cancelling potential speculative or zombie tasks for this job
26/08/09 14:47:09 INFO TaskSchedulerImpl: Killing all running tasks in stage 2: Stage finished
26/08/09 14:47:09 INFO DAGScheduler: Job 1 finished: count at NativeMethodAccessorImpl.java:0, took 0.079795 s
26/08/09 14:47:09 INFO BlockManagerInfo: Removed broadcast_1_piece0 on 8faa89bde555:34995 in memory (size: 5.9 KiB, free: 7.0 GiB)
26/08/09 14:47:09 INFO BlockManagerInfo: Removed broadcast_0_piece0 on 8faa89bde555:34995 in memory (size: 5.7 KiB, free: 7.0 GiB)
26/08/09 14:47:10 INFO CatalogUtil: Loading custom FileIO implementation: org.apache.iceberg.hadoop.HadoopFileIO
26/08/09 14:47:11 INFO BaseMetastoreCatalog: Table loaded by catalog: local.crop.field_ndvi
26/08/09 14:47:11 INFO V2ScanRelationPushDown: 
Output: field_id#30, date#31, dekad#32L, season#33L, mgrs_tile#34, scene_id#35, mean_ndvi#36, valid_px#37, utm_zone#38, total_px#39, valid_frac#40
         
26/08/09 14:47:11 INFO SnapshotScan: Scanning table local.crop.field_ndvi snapshot 2333476407014962806 created at 2026-08-09T07:58:28.337+00:00 with filter true
26/08/09 14:47:11 INFO BaseDistributedDataScan: Planning file tasks locally for table local.crop.field_ndvi
26/08/09 14:47:11 INFO SparkPartitioningAwareScan: Reporting UnknownPartitioning with 1 partition(s) for table local.crop.field_ndvi
26/08/09 14:47:11 INFO MemoryStore: Block broadcast_2 stored as values in memory (estimated size 32.0 KiB, free 7.0 GiB)
26/08/09 14:47:11 INFO MemoryStore: Block broadcast_2_piece0 stored as bytes in memory (estimated size 27.0 KiB, free 7.0 GiB)
26/08/09 14:47:11 INFO BlockManagerInfo: Added broadcast_2_piece0 in memory on 8faa89bde555:34995 (size: 27.0 KiB, free: 7.0 GiB)
26/08/09 14:47:11 INFO SparkContext: Created broadcast 2 from broadcast at SparkBatch.java:90
26/08/09 14:47:11 INFO MemoryStore: Block broadcast_3 stored as values in memory (estimated size 32.0 KiB, free 7.0 GiB)
26/08/09 14:47:11 INFO MemoryStore: Block broadcast_3_piece0 stored as bytes in memory (estimated size 26.5 KiB, free 7.0 GiB)
26/08/09 14:47:11 INFO BlockManagerInfo: Added broadcast_3_piece0 in memory on 8faa89bde555:34995 (size: 26.5 KiB, free: 7.0 GiB)
26/08/09 14:47:11 INFO SparkContext: Created broadcast 3 from broadcast at SparkBatch.java:92
26/08/09 14:47:11 INFO MemoryStore: Block broadcast_4 stored as values in memory (estimated size 32.0 KiB, free 7.0 GiB)
26/08/09 14:47:11 INFO MemoryStore: Block broadcast_4_piece0 stored as bytes in memory (estimated size 27.0 KiB, free 7.0 GiB)
26/08/09 14:47:11 INFO BlockManagerInfo: Added broadcast_4_piece0 in memory on 8faa89bde555:34995 (size: 27.0 KiB, free: 7.0 GiB)
26/08/09 14:47:11 INFO SparkContext: Created broadcast 4 from broadcast at SparkBatch.java:90
26/08/09 14:47:11 INFO MemoryStore: Block broadcast_5 stored as values in memory (estimated size 32.0 KiB, free 7.0 GiB)
26/08/09 14:47:11 INFO MemoryStore: Block broadcast_5_piece0 stored as bytes in memory (estimated size 26.5 KiB, free 7.0 GiB)
26/08/09 14:47:11 INFO BlockManagerInfo: Added broadcast_5_piece0 in memory on 8faa89bde555:34995 (size: 26.5 KiB, free: 7.0 GiB)
26/08/09 14:47:11 INFO SparkContext: Created broadcast 5 from broadcast at SparkBatch.java:92
26/08/09 14:47:11 INFO ParquetUtils: Using default output committer for Parquet: org.apache.parquet.hadoop.ParquetOutputCommitter
26/08/09 14:47:11 INFO FileOutputCommitter: File Output Committer Algorithm version is 1
26/08/09 14:47:11 INFO FileOutputCommitter: FileOutputCommitter skip cleanup _temporary folders under output directory:false, ignore cleanup failures: false
26/08/09 14:47:11 INFO SQLHadoopMapReduceCommitProtocol: Using user defined output committer class org.apache.parquet.hadoop.ParquetOutputCommitter
26/08/09 14:47:11 INFO FileOutputCommitter: File Output Committer Algorithm version is 1
26/08/09 14:47:11 INFO FileOutputCommitter: FileOutputCommitter skip cleanup _temporary folders under output directory:false, ignore cleanup failures: false
26/08/09 14:47:11 INFO SQLHadoopMapReduceCommitProtocol: Using output committer class org.apache.parquet.hadoop.ParquetOutputCommitter
26/08/09 14:47:11 INFO CodeGenerator: Code generated in 24.281958 ms
26/08/09 14:47:11 INFO SparkContext: Starting job: parquet at NativeMethodAccessorImpl.java:0
26/08/09 14:47:11 INFO DAGScheduler: Got job 2 (parquet at NativeMethodAccessorImpl.java:0) with 1 output partitions
26/08/09 14:47:11 INFO DAGScheduler: Final stage: ResultStage 3 (parquet at NativeMethodAccessorImpl.java:0)
26/08/09 14:47:11 INFO DAGScheduler: Parents of final stage: List()
26/08/09 14:47:11 INFO DAGScheduler: Missing parents: List()
26/08/09 14:47:11 INFO DAGScheduler: Submitting ResultStage 3 (MapPartitionsRDD[9] at parquet at NativeMethodAccessorImpl.java:0), which has no missing parents
26/08/09 14:47:11 INFO MemoryStore: Block broadcast_6 stored as values in memory (estimated size 224.4 KiB, free 7.0 GiB)
26/08/09 14:47:11 INFO MemoryStore: Block broadcast_6_piece0 stored as bytes in memory (estimated size 78.9 KiB, free 7.0 GiB)
26/08/09 14:47:11 INFO BlockManagerInfo: Added broadcast_6_piece0 in memory on 8faa89bde555:34995 (size: 78.9 KiB, free: 7.0 GiB)
26/08/09 14:47:11 INFO SparkContext: Created broadcast 6 from broadcast at DAGScheduler.scala:1611
26/08/09 14:47:11 INFO DAGScheduler: Submitting 1 missing tasks from ResultStage 3 (MapPartitionsRDD[9] at parquet at NativeMethodAccessorImpl.java:0) (first 15 tasks are for partitions Vector(0))
26/08/09 14:47:11 INFO TaskSchedulerImpl: Adding task set 3.0 with 1 tasks resource profile 0
26/08/09 14:47:11 INFO TaskSetManager: Starting task 0.0 in stage 3.0 (TID 2) (8faa89bde555, executor driver, partition 0, PROCESS_LOCAL, 17239 bytes) 
26/08/09 14:47:11 INFO Executor: Running task 0.0 in stage 3.0 (TID 2)
26/08/09 14:47:11 INFO CodeGenerator: Code generated in 19.406099 ms
26/08/09 14:47:11 INFO FileOutputCommitter: File Output Committer Algorithm version is 1
26/08/09 14:47:11 INFO FileOutputCommitter: FileOutputCommitter skip cleanup _temporary folders under output directory:false, ignore cleanup failures: false
26/08/09 14:47:11 INFO SQLHadoopMapReduceCommitProtocol: Using user defined output committer class org.apache.parquet.hadoop.ParquetOutputCommitter
26/08/09 14:47:11 INFO FileOutputCommitter: File Output Committer Algorithm version is 1
26/08/09 14:47:11 INFO FileOutputCommitter: FileOutputCommitter skip cleanup _temporary folders under output directory:false, ignore cleanup failures: false
26/08/09 14:47:11 INFO SQLHadoopMapReduceCommitProtocol: Using output committer class org.apache.parquet.hadoop.ParquetOutputCommitter
26/08/09 14:47:11 INFO CodecConfig: Compression: SNAPPY
26/08/09 14:47:11 INFO CodecConfig: Compression: SNAPPY
26/08/09 14:47:11 INFO ParquetOutputFormat: ParquetRecordWriter [block size: 134217728b, row group padding size: 8388608b, validating: false]
26/08/09 14:47:11 INFO ParquetWriteSupport: Initialized Parquet WriteSupport with Catalyst schema:
{
  "type" : "struct",
  "fields" : [ {
    "name" : "field_id",
    "type" : "string",
    "nullable" : true,
    "metadata" : { }
  }, {
    "name" : "date",
    "type" : "string",
    "nullable" : true,
    "metadata" : { }
  }, {
    "name" : "dekad",
    "type" : "long",
    "nullable" : true,
    "metadata" : { }
  }, {
    "name" : "season",
    "type" : "long",
    "nullable" : true,
    "metadata" : { }
  }, {
    "name" : "mgrs_tile",
    "type" : "string",
    "nullable" : true,
    "metadata" : { }
  }, {
    "name" : "scene_id",
    "type" : "string",
    "nullable" : true,
    "metadata" : { }
  }, {
    "name" : "mean_ndvi",
    "type" : "double",
    "nullable" : true,
    "metadata" : { }
  }, {
    "name" : "valid_px",
    "type" : "integer",
    "nullable" : true,
    "metadata" : { }
  }, {
    "name" : "utm_zone",
    "type" : "integer",
    "nullable" : true,
    "metadata" : { }
  }, {
    "name" : "total_px",
    "type" : "integer",
    "nullable" : true,
    "metadata" : { }
  }, {
    "name" : "valid_frac",
    "type" : "double",
    "nullable" : true,
    "metadata" : { }
  } ]
}
and corresponding Parquet message type:
message spark_schema {
  optional binary field_id (STRING);
  optional binary date (STRING);
  optional int64 dekad;
  optional int64 season;
  optional binary mgrs_tile (STRING);
  optional binary scene_id (STRING);
  optional double mean_ndvi;
  optional int32 valid_px;
  optional int32 utm_zone;
  optional int32 total_px;
  optional double valid_frac;
}

       
26/08/09 14:47:11 INFO CodecPool: Got brand-new compressor [.snappy]
26/08/09 14:47:11 INFO FormatModelRegistry: Unable to call register for (org.apache.iceberg.flink.data.FlinkFormatModels). Check for missing jars on the classpath: Cannot find method: register
26/08/09 14:47:12 INFO VectorizedSparkParquetReaders: Enabling arrow.enable_unsafe_memory_access
26/08/09 14:47:12 INFO VectorizedSparkParquetReaders: Disabling arrow.enable_null_check_for_get
26/08/09 14:47:12 INFO BaseAllocator: Debug mode disabled. Enable with the VM option -Darrow.memory.debug.allocator=true.
26/08/09 14:47:12 INFO DefaultAllocationManagerOption: allocation manager type not specified, using netty as the default type
26/08/09 14:47:12 INFO CheckAllocator: Using DefaultAllocationManager at memory/DefaultAllocationManagerFactory.class
26/08/09 14:47:12 INFO CodecPool: Got brand-new decompressor [.zstd]
26/08/09 14:47:12 INFO CodecPool: Got brand-new decompressor [.zstd]
26/08/09 14:47:12 INFO CodecPool: Got brand-new decompressor [.zstd]
26/08/09 14:47:13 INFO FileOutputCommitter: Saved output of task 'attempt_202608091447116255841472629186211_0003_m_000000_2' to file:/opt/s2fn/data/export/_temporary/0/task_202608091447116255841472629186211_0003_m_000000
26/08/09 14:47:13 INFO SparkHadoopMapRedUtil: attempt_202608091447116255841472629186211_0003_m_000000_2: Committed. Elapsed time: 0 ms.
26/08/09 14:47:13 INFO Executor: Finished task 0.0 in stage 3.0 (TID 2). 4407 bytes result sent to driver
26/08/09 14:47:13 INFO TaskSetManager: Finished task 0.0 in stage 3.0 (TID 2) in 1529 ms on 8faa89bde555 (executor driver) (1/1)
26/08/09 14:47:13 INFO TaskSchedulerImpl: Removed TaskSet 3.0, whose tasks have all completed, from pool 
26/08/09 14:47:13 INFO DAGScheduler: ResultStage 3 (parquet at NativeMethodAccessorImpl.java:0) finished in 1.567 s
26/08/09 14:47:13 INFO DAGScheduler: Job 2 is finished. Cancelling potential speculative or zombie tasks for this job
26/08/09 14:47:13 INFO TaskSchedulerImpl: Killing all running tasks in stage 3: Stage finished
26/08/09 14:47:13 INFO DAGScheduler: Job 2 finished: parquet at NativeMethodAccessorImpl.java:0, took 1.571396 s
26/08/09 14:47:13 INFO FileFormatWriter: Start to commit write Job 297edeac-cfcf-43e8-8fe3-8f7d6ebd6e39.
26/08/09 14:47:13 INFO FileFormatWriter: Write Job 297edeac-cfcf-43e8-8fe3-8f7d6ebd6e39 committed. Elapsed time: 7 ms.
26/08/09 14:47:13 INFO FileFormatWriter: Finished processing stats for write job 297edeac-cfcf-43e8-8fe3-8f7d6ebd6e39.
26/08/09 14:47:13 INFO SnapshotScan: Scanning table local.crop.field_ndvi snapshot 2333476407014962806 created at 2026-08-09T07:58:28.337+00:00 with filter true
26/08/09 14:47:13 INFO BaseDistributedDataScan: Planning file tasks locally for table local.crop.field_ndvi
26/08/09 14:47:13 INFO V2ScanRelationPushDown: 
Pushing operators to local.crop.field_ndvi
Pushed Aggregate Functions:
 COUNT(*)
Pushed Group by:
 
         
26/08/09 14:47:13 INFO CodeGenerator: Code generated in 10.394616 ms
26/08/09 14:47:13 INFO CodeGenerator: Code generated in 6.662116 ms
26/08/09 14:47:13 INFO DAGScheduler: Registering RDD 12 (count at NativeMethodAccessorImpl.java:0) as input to shuffle 1
26/08/09 14:47:13 INFO DAGScheduler: Got map stage job 3 (count at NativeMethodAccessorImpl.java:0) with 1 output partitions
26/08/09 14:47:13 INFO DAGScheduler: Final stage: ShuffleMapStage 4 (count at NativeMethodAccessorImpl.java:0)
26/08/09 14:47:13 INFO DAGScheduler: Parents of final stage: List()
26/08/09 14:47:13 INFO DAGScheduler: Missing parents: List()
26/08/09 14:47:13 INFO DAGScheduler: Submitting ShuffleMapStage 4 (MapPartitionsRDD[12] at count at NativeMethodAccessorImpl.java:0), which has no missing parents
26/08/09 14:47:13 INFO MemoryStore: Block broadcast_7 stored as values in memory (estimated size 12.6 KiB, free 7.0 GiB)
26/08/09 14:47:13 INFO MemoryStore: Block broadcast_7_piece0 stored as bytes in memory (estimated size 6.2 KiB, free 7.0 GiB)
26/08/09 14:47:13 INFO BlockManagerInfo: Added broadcast_7_piece0 in memory on 8faa89bde555:34995 (size: 6.2 KiB, free: 7.0 GiB)
26/08/09 14:47:13 INFO SparkContext: Created broadcast 7 from broadcast at DAGScheduler.scala:1611
26/08/09 14:47:13 INFO DAGScheduler: Submitting 1 missing tasks from ShuffleMapStage 4 (MapPartitionsRDD[12] at count at NativeMethodAccessorImpl.java:0) (first 15 tasks are for partitions Vector(0))
26/08/09 14:47:13 INFO TaskSchedulerImpl: Adding task set 4.0 with 1 tasks resource profile 0
26/08/09 14:47:13 INFO TaskSetManager: Starting task 0.0 in stage 4.0 (TID 3) (8faa89bde555, executor driver, partition 0, PROCESS_LOCAL, 8894 bytes) 
26/08/09 14:47:13 INFO Executor: Running task 0.0 in stage 4.0 (TID 3)
26/08/09 14:47:13 INFO CodeGenerator: Code generated in 8.02242 ms
26/08/09 14:47:13 INFO Executor: Finished task 0.0 in stage 4.0 (TID 3). 1774 bytes result sent to driver
26/08/09 14:47:13 INFO TaskSetManager: Finished task 0.0 in stage 4.0 (TID 3) in 17 ms on 8faa89bde555 (executor driver) (1/1)
26/08/09 14:47:13 INFO TaskSchedulerImpl: Removed TaskSet 4.0, whose tasks have all completed, from pool 
26/08/09 14:47:13 INFO DAGScheduler: ShuffleMapStage 4 (count at NativeMethodAccessorImpl.java:0) finished in 0.023 s
26/08/09 14:47:13 INFO DAGScheduler: looking for newly runnable stages
26/08/09 14:47:13 INFO DAGScheduler: running: Set()
26/08/09 14:47:13 INFO DAGScheduler: waiting: Set()
26/08/09 14:47:13 INFO DAGScheduler: failed: Set()
26/08/09 14:47:13 INFO CodeGenerator: Code generated in 7.392199 ms
26/08/09 14:47:13 INFO SparkContext: Starting job: count at NativeMethodAccessorImpl.java:0
26/08/09 14:47:13 INFO DAGScheduler: Got job 4 (count at NativeMethodAccessorImpl.java:0) with 1 output partitions
26/08/09 14:47:13 INFO DAGScheduler: Final stage: ResultStage 6 (count at NativeMethodAccessorImpl.java:0)
26/08/09 14:47:13 INFO DAGScheduler: Parents of final stage: List(ShuffleMapStage 5)
26/08/09 14:47:13 INFO DAGScheduler: Missing parents: List()
26/08/09 14:47:13 INFO DAGScheduler: Submitting ResultStage 6 (MapPartitionsRDD[15] at count at NativeMethodAccessorImpl.java:0), which has no missing parents
26/08/09 14:47:13 INFO MemoryStore: Block broadcast_8 stored as values in memory (estimated size 13.7 KiB, free 7.0 GiB)
26/08/09 14:47:13 INFO MemoryStore: Block broadcast_8_piece0 stored as bytes in memory (estimated size 6.4 KiB, free 7.0 GiB)
26/08/09 14:47:13 INFO BlockManagerInfo: Added broadcast_8_piece0 in memory on 8faa89bde555:34995 (size: 6.4 KiB, free: 7.0 GiB)
26/08/09 14:47:13 INFO BlockManagerInfo: Removed broadcast_7_piece0 on 8faa89bde555:34995 in memory (size: 6.2 KiB, free: 7.0 GiB)
26/08/09 14:47:13 INFO SparkContext: Created broadcast 8 from broadcast at DAGScheduler.scala:1611
26/08/09 14:47:13 INFO DAGScheduler: Submitting 1 missing tasks from ResultStage 6 (MapPartitionsRDD[15] at count at NativeMethodAccessorImpl.java:0) (first 15 tasks are for partitions Vector(0))
26/08/09 14:47:13 INFO TaskSchedulerImpl: Adding task set 6.0 with 1 tasks resource profile 0
26/08/09 14:47:13 INFO TaskSetManager: Starting task 0.0 in stage 6.0 (TID 4) (8faa89bde555, executor driver, partition 0, NODE_LOCAL, 8999 bytes) 
26/08/09 14:47:13 INFO Executor: Running task 0.0 in stage 6.0 (TID 4)
26/08/09 14:47:13 INFO ShuffleBlockFetcherIterator: Getting 1 (60.0 B) non-empty blocks including 1 (60.0 B) local and 0 (0.0 B) host-local and 0 (0.0 B) push-merged-local and 0 (0.0 B) remote blocks
26/08/09 14:47:13 INFO ShuffleBlockFetcherIterator: Started 0 remote fetches in 0 ms
26/08/09 14:47:13 INFO CodeGenerator: Code generated in 8.04403 ms
26/08/09 14:47:13 INFO Executor: Finished task 0.0 in stage 6.0 (TID 4). 3808 bytes result sent to driver
26/08/09 14:47:13 INFO TaskSetManager: Finished task 0.0 in stage 6.0 (TID 4) in 17 ms on 8faa89bde555 (executor driver) (1/1)
26/08/09 14:47:13 INFO TaskSchedulerImpl: Removed TaskSet 6.0, whose tasks have all completed, from pool 
26/08/09 14:47:13 INFO DAGScheduler: ResultStage 6 (count at NativeMethodAccessorImpl.java:0) finished in 0.024 s
26/08/09 14:47:13 INFO DAGScheduler: Job 4 is finished. Cancelling potential speculative or zombie tasks for this job
26/08/09 14:47:13 INFO TaskSchedulerImpl: Killing all running tasks in stage 6: Stage finished
26/08/09 14:47:13 INFO DAGScheduler: Job 4 finished: count at NativeMethodAccessorImpl.java:0, took 0.026592 s
EXPORTED 164309
26/08/09 14:47:13 INFO SparkContext: Invoking stop() from shutdown hook
26/08/09 14:47:13 INFO SparkContext: SparkContext is stopping with exitCode 0.
26/08/09 14:47:13 INFO SparkUI: Stopped Spark web UI at http://8faa89bde555:4040
26/08/09 14:47:13 INFO MapOutputTrackerMasterEndpoint: MapOutputTrackerMasterEndpoint stopped!
26/08/09 14:47:13 INFO MemoryStore: MemoryStore cleared
26/08/09 14:47:13 INFO BlockManager: BlockManager stopped
26/08/09 14:47:13 INFO BlockManagerMaster: BlockManagerMaster stopped
26/08/09 14:47:13 INFO OutputCommitCoordinator$OutputCommitCoordinatorEndpoint: OutputCommitCoordinator stopped!
26/08/09 14:47:13 INFO SparkContext: Successfully stopped SparkContext
26/08/09 14:47:13 INFO ShutdownHookManager: Shutdown hook called
26/08/09 14:47:13 INFO ShutdownHookManager: Deleting directory /tmp/spark-116a1ffe-aa62-46c2-ac37-674336d6a265
26/08/09 14:47:13 INFO ShutdownHookManager: Deleting directory /tmp/spark-212d0419-3a08-4b6b-9e58-c57b6a0ad88b
26/08/09 14:47:13 INFO ShutdownHookManager: Deleting directory /tmp/spark-116a1ffe-aa62-46c2-ac37-674336d6a265/pyspark-8a2495d6-10a5-4099-bc64-608430554631
26/08/09 15:15:39 INFO SparkContext: Running Spark version 3.5.9
26/08/09 15:15:39 INFO SparkContext: OS info Linux, 6.1.177-224.371.amzn2023.aarch64, aarch64
26/08/09 15:15:39 INFO SparkContext: Java version 17.0.19
26/08/09 15:15:39 WARN NativeCodeLoader: Unable to load native-hadoop library for your platform... using builtin-java classes where applicable
26/08/09 15:15:39 INFO ResourceUtils: ==============================================================
26/08/09 15:15:39 INFO ResourceUtils: No custom resources configured for spark.driver.
26/08/09 15:15:39 INFO ResourceUtils: ==============================================================
26/08/09 15:15:39 INFO SparkContext: Submitted application: export
26/08/09 15:15:39 INFO ResourceProfile: Default ResourceProfile created, executor resources: Map(cores -> name: cores, amount: 1, script: , vendor: , memory -> name: memory, amount: 1024, script: , vendor: , offHeap -> name: offHeap, amount: 0, script: , vendor: ), task resources: Map(cpus -> name: cpus, amount: 1.0)
26/08/09 15:15:39 INFO ResourceProfile: Limiting resource is cpu
26/08/09 15:15:39 INFO ResourceProfileManager: Added ResourceProfile id: 0
26/08/09 15:15:39 INFO SecurityManager: Changing view acls to: spark
26/08/09 15:15:39 INFO SecurityManager: Changing modify acls to: spark
26/08/09 15:15:39 INFO SecurityManager: Changing view acls groups to: 
26/08/09 15:15:39 INFO SecurityManager: Changing modify acls groups to: 
26/08/09 15:15:39 INFO SecurityManager: SecurityManager: authentication disabled; ui acls disabled; users with view permissions: spark; groups with view permissions: EMPTY; users with modify permissions: spark; groups with modify permissions: EMPTY
26/08/09 15:15:39 INFO Utils: Successfully started service 'sparkDriver' on port 33869.
26/08/09 15:15:39 INFO SparkEnv: Registering MapOutputTracker
26/08/09 15:15:39 INFO SparkEnv: Registering BlockManagerMaster
26/08/09 15:15:39 INFO BlockManagerMasterEndpoint: Using org.apache.spark.storage.DefaultTopologyMapper for getting topology information
26/08/09 15:15:39 INFO BlockManagerMasterEndpoint: BlockManagerMasterEndpoint up
26/08/09 15:15:39 INFO SparkEnv: Registering BlockManagerMasterHeartbeat
26/08/09 15:15:39 INFO DiskBlockManager: Created local directory at /tmp/blockmgr-8e762597-6f3b-4bd4-922d-04d0c91382c0
26/08/09 15:15:39 INFO MemoryStore: MemoryStore started with capacity 7.0 GiB
26/08/09 15:15:39 INFO SparkEnv: Registering OutputCommitCoordinator
26/08/09 15:15:39 INFO JettyUtils: Start Jetty 0.0.0.0:4040 for SparkUI
26/08/09 15:15:39 INFO Utils: Successfully started service 'SparkUI' on port 4040.
26/08/09 15:15:39 INFO Executor: Starting executor ID driver on host 708297f5eab5
26/08/09 15:15:39 INFO Executor: OS info Linux, 6.1.177-224.371.amzn2023.aarch64, aarch64
26/08/09 15:15:39 INFO Executor: Java version 17.0.19
26/08/09 15:15:39 INFO Executor: Starting executor with user classpath (userClassPathFirst = false): ''
26/08/09 15:15:39 INFO Executor: Created or updated repl class loader org.apache.spark.util.MutableURLClassLoader@636a0d71 for default.
26/08/09 15:15:39 INFO Utils: Successfully started service 'org.apache.spark.network.netty.NettyBlockTransferService' on port 46505.
26/08/09 15:15:39 INFO NettyBlockTransferService: Server created on 708297f5eab5:46505
26/08/09 15:15:39 INFO BlockManager: Using org.apache.spark.storage.RandomBlockReplicationPolicy for block replication policy
26/08/09 15:15:39 INFO BlockManagerMaster: Registering BlockManager BlockManagerId(driver, 708297f5eab5, 46505, None)
26/08/09 15:15:39 INFO BlockManagerMasterEndpoint: Registering block manager 708297f5eab5:46505 with 7.0 GiB RAM, BlockManagerId(driver, 708297f5eab5, 46505, None)
26/08/09 15:15:39 INFO BlockManagerMaster: Registered BlockManager BlockManagerId(driver, 708297f5eab5, 46505, None)
26/08/09 15:15:39 INFO BlockManager: Initialized BlockManager: BlockManagerId(driver, 708297f5eab5, 46505, None)
26/08/09 15:15:40 INFO SharedState: Setting hive.metastore.warehouse.dir ('null') to the value of spark.sql.warehouse.dir.
26/08/09 15:15:40 INFO SharedState: Warehouse path is 'file:/opt/s2fn/spark-warehouse'.
26/08/09 15:15:41 INFO CodeGenerator: Code generated in 129.750882 ms
26/08/09 15:15:42 INFO DAGScheduler: Registering RDD 2 (count at NativeMethodAccessorImpl.java:0) as input to shuffle 0
26/08/09 15:15:42 INFO DAGScheduler: Got map stage job 0 (count at NativeMethodAccessorImpl.java:0) with 1 output partitions
26/08/09 15:15:42 INFO DAGScheduler: Final stage: ShuffleMapStage 0 (count at NativeMethodAccessorImpl.java:0)
26/08/09 15:15:42 INFO DAGScheduler: Parents of final stage: List()
26/08/09 15:15:42 INFO DAGScheduler: Missing parents: List()
26/08/09 15:15:42 INFO DAGScheduler: Submitting ShuffleMapStage 0 (MapPartitionsRDD[2] at count at NativeMethodAccessorImpl.java:0), which has no missing parents
26/08/09 15:15:42 INFO MemoryStore: Block broadcast_0 stored as values in memory (estimated size 11.0 KiB, free 7.0 GiB)
26/08/09 15:15:42 INFO MemoryStore: Block broadcast_0_piece0 stored as bytes in memory (estimated size 5.7 KiB, free 7.0 GiB)
26/08/09 15:15:42 INFO BlockManagerInfo: Added broadcast_0_piece0 in memory on 708297f5eab5:46505 (size: 5.7 KiB, free: 7.0 GiB)
26/08/09 15:15:42 INFO SparkContext: Created broadcast 0 from broadcast at DAGScheduler.scala:1611
26/08/09 15:15:42 INFO DAGScheduler: Submitting 1 missing tasks from ShuffleMapStage 0 (MapPartitionsRDD[2] at count at NativeMethodAccessorImpl.java:0) (first 15 tasks are for partitions Vector(0))
26/08/09 15:15:42 INFO TaskSchedulerImpl: Adding task set 0.0 with 1 tasks resource profile 0
26/08/09 15:15:42 INFO TaskSetManager: Starting task 0.0 in stage 0.0 (TID 0) (708297f5eab5, executor driver, partition 0, PROCESS_LOCAL, 8934 bytes) 
26/08/09 15:15:42 INFO Executor: Running task 0.0 in stage 0.0 (TID 0)
26/08/09 15:15:42 INFO CodeGenerator: Code generated in 10.002729 ms
26/08/09 15:15:42 INFO Executor: Finished task 0.0 in stage 0.0 (TID 0). 1817 bytes result sent to driver
26/08/09 15:15:42 INFO TaskSetManager: Finished task 0.0 in stage 0.0 (TID 0) in 130 ms on 708297f5eab5 (executor driver) (1/1)
26/08/09 15:15:42 INFO TaskSchedulerImpl: Removed TaskSet 0.0, whose tasks have all completed, from pool 
26/08/09 15:15:42 INFO DAGScheduler: ShuffleMapStage 0 (count at NativeMethodAccessorImpl.java:0) finished in 0.428 s
26/08/09 15:15:42 INFO DAGScheduler: looking for newly runnable stages
26/08/09 15:15:42 INFO DAGScheduler: running: Set()
26/08/09 15:15:42 INFO DAGScheduler: waiting: Set()
26/08/09 15:15:42 INFO DAGScheduler: failed: Set()
26/08/09 15:15:42 INFO CodeGenerator: Code generated in 9.867147 ms
26/08/09 15:15:42 INFO SparkContext: Starting job: count at NativeMethodAccessorImpl.java:0
26/08/09 15:15:42 INFO DAGScheduler: Got job 1 (count at NativeMethodAccessorImpl.java:0) with 1 output partitions
26/08/09 15:15:42 INFO DAGScheduler: Final stage: ResultStage 2 (count at NativeMethodAccessorImpl.java:0)
26/08/09 15:15:42 INFO DAGScheduler: Parents of final stage: List(ShuffleMapStage 1)
26/08/09 15:15:42 INFO DAGScheduler: Missing parents: List()
26/08/09 15:15:42 INFO DAGScheduler: Submitting ResultStage 2 (MapPartitionsRDD[5] at count at NativeMethodAccessorImpl.java:0), which has no missing parents
26/08/09 15:15:42 INFO MemoryStore: Block broadcast_1 stored as values in memory (estimated size 12.5 KiB, free 7.0 GiB)
26/08/09 15:15:42 INFO MemoryStore: Block broadcast_1_piece0 stored as bytes in memory (estimated size 5.9 KiB, free 7.0 GiB)
26/08/09 15:15:42 INFO BlockManagerInfo: Added broadcast_1_piece0 in memory on 708297f5eab5:46505 (size: 5.9 KiB, free: 7.0 GiB)
26/08/09 15:15:42 INFO SparkContext: Created broadcast 1 from broadcast at DAGScheduler.scala:1611
26/08/09 15:15:42 INFO DAGScheduler: Submitting 1 missing tasks from ResultStage 2 (MapPartitionsRDD[5] at count at NativeMethodAccessorImpl.java:0) (first 15 tasks are for partitions Vector(0))
26/08/09 15:15:42 INFO TaskSchedulerImpl: Adding task set 2.0 with 1 tasks resource profile 0
26/08/09 15:15:42 INFO TaskSetManager: Starting task 0.0 in stage 2.0 (TID 1) (708297f5eab5, executor driver, partition 0, NODE_LOCAL, 8999 bytes) 
26/08/09 15:15:42 INFO Executor: Running task 0.0 in stage 2.0 (TID 1)
26/08/09 15:15:42 INFO ShuffleBlockFetcherIterator: Getting 1 (60.0 B) non-empty blocks including 1 (60.0 B) local and 0 (0.0 B) host-local and 0 (0.0 B) push-merged-local and 0 (0.0 B) remote blocks
26/08/09 15:15:42 INFO ShuffleBlockFetcherIterator: Started 0 remote fetches in 8 ms
26/08/09 15:15:42 INFO CodeGenerator: Code generated in 8.155391 ms
26/08/09 15:15:42 INFO Executor: Finished task 0.0 in stage 2.0 (TID 1). 3808 bytes result sent to driver
26/08/09 15:15:42 INFO TaskSetManager: Finished task 0.0 in stage 2.0 (TID 1) in 62 ms on 708297f5eab5 (executor driver) (1/1)
26/08/09 15:15:42 INFO TaskSchedulerImpl: Removed TaskSet 2.0, whose tasks have all completed, from pool 
26/08/09 15:15:42 INFO DAGScheduler: ResultStage 2 (count at NativeMethodAccessorImpl.java:0) finished in 0.071 s
26/08/09 15:15:42 INFO DAGScheduler: Job 1 is finished. Cancelling potential speculative or zombie tasks for this job
26/08/09 15:15:42 INFO TaskSchedulerImpl: Killing all running tasks in stage 2: Stage finished
26/08/09 15:15:42 INFO DAGScheduler: Job 1 finished: count at NativeMethodAccessorImpl.java:0, took 0.082602 s
26/08/09 15:15:42 INFO BlockManagerInfo: Removed broadcast_0_piece0 on 708297f5eab5:46505 in memory (size: 5.7 KiB, free: 7.0 GiB)
26/08/09 15:15:42 INFO BlockManagerInfo: Removed broadcast_1_piece0 on 708297f5eab5:46505 in memory (size: 5.9 KiB, free: 7.0 GiB)
26/08/09 15:15:44 INFO CatalogUtil: Loading custom FileIO implementation: org.apache.iceberg.hadoop.HadoopFileIO
26/08/09 15:15:44 INFO BaseMetastoreCatalog: Table loaded by catalog: local.crop.field_ndvi
26/08/09 15:15:44 INFO V2ScanRelationPushDown: 
Output: field_id#30, date#31, dekad#32L, season#33L, mgrs_tile#34, scene_id#35, mean_ndvi#36, valid_px#37, utm_zone#38, total_px#39, valid_frac#40
         
26/08/09 15:15:44 INFO SnapshotScan: Scanning table local.crop.field_ndvi snapshot 5976104115045962168 created at 2026-08-09T15:01:27.860+00:00 with filter true
26/08/09 15:15:44 INFO BaseDistributedDataScan: Planning file tasks locally for table local.crop.field_ndvi
26/08/09 15:15:44 INFO SparkPartitioningAwareScan: Reporting UnknownPartitioning with 3 partition(s) for table local.crop.field_ndvi
26/08/09 15:15:44 INFO MemoryStore: Block broadcast_2 stored as values in memory (estimated size 32.0 KiB, free 7.0 GiB)
26/08/09 15:15:44 INFO MemoryStore: Block broadcast_2_piece0 stored as bytes in memory (estimated size 27.0 KiB, free 7.0 GiB)
26/08/09 15:15:44 INFO BlockManagerInfo: Added broadcast_2_piece0 in memory on 708297f5eab5:46505 (size: 27.0 KiB, free: 7.0 GiB)
26/08/09 15:15:44 INFO SparkContext: Created broadcast 2 from broadcast at SparkBatch.java:90
26/08/09 15:15:44 INFO MemoryStore: Block broadcast_3 stored as values in memory (estimated size 32.0 KiB, free 7.0 GiB)
26/08/09 15:15:44 INFO MemoryStore: Block broadcast_3_piece0 stored as bytes in memory (estimated size 26.5 KiB, free 7.0 GiB)
26/08/09 15:15:44 INFO BlockManagerInfo: Added broadcast_3_piece0 in memory on 708297f5eab5:46505 (size: 26.5 KiB, free: 7.0 GiB)
26/08/09 15:15:44 INFO SparkContext: Created broadcast 3 from broadcast at SparkBatch.java:92
26/08/09 15:15:44 INFO MemoryStore: Block broadcast_4 stored as values in memory (estimated size 32.0 KiB, free 7.0 GiB)
26/08/09 15:15:44 INFO MemoryStore: Block broadcast_4_piece0 stored as bytes in memory (estimated size 27.0 KiB, free 7.0 GiB)
26/08/09 15:15:44 INFO BlockManagerInfo: Added broadcast_4_piece0 in memory on 708297f5eab5:46505 (size: 27.0 KiB, free: 7.0 GiB)
26/08/09 15:15:44 INFO SparkContext: Created broadcast 4 from broadcast at SparkBatch.java:90
26/08/09 15:15:44 INFO MemoryStore: Block broadcast_5 stored as values in memory (estimated size 32.0 KiB, free 7.0 GiB)
26/08/09 15:15:44 INFO MemoryStore: Block broadcast_5_piece0 stored as bytes in memory (estimated size 26.5 KiB, free 7.0 GiB)
26/08/09 15:15:44 INFO BlockManagerInfo: Added broadcast_5_piece0 in memory on 708297f5eab5:46505 (size: 26.5 KiB, free: 7.0 GiB)
26/08/09 15:15:44 INFO SparkContext: Created broadcast 5 from broadcast at SparkBatch.java:92
26/08/09 15:15:44 INFO ParquetUtils: Using default output committer for Parquet: org.apache.parquet.hadoop.ParquetOutputCommitter
26/08/09 15:15:44 INFO FileOutputCommitter: File Output Committer Algorithm version is 1
26/08/09 15:15:44 INFO FileOutputCommitter: FileOutputCommitter skip cleanup _temporary folders under output directory:false, ignore cleanup failures: false
26/08/09 15:15:44 INFO SQLHadoopMapReduceCommitProtocol: Using user defined output committer class org.apache.parquet.hadoop.ParquetOutputCommitter
26/08/09 15:15:44 INFO FileOutputCommitter: File Output Committer Algorithm version is 1
26/08/09 15:15:44 INFO FileOutputCommitter: FileOutputCommitter skip cleanup _temporary folders under output directory:false, ignore cleanup failures: false
26/08/09 15:15:44 INFO SQLHadoopMapReduceCommitProtocol: Using output committer class org.apache.parquet.hadoop.ParquetOutputCommitter
26/08/09 15:15:44 INFO CodeGenerator: Code generated in 26.573185 ms
26/08/09 15:15:44 INFO SparkContext: Starting job: parquet at NativeMethodAccessorImpl.java:0
26/08/09 15:15:44 INFO DAGScheduler: Got job 2 (parquet at NativeMethodAccessorImpl.java:0) with 3 output partitions
26/08/09 15:15:44 INFO DAGScheduler: Final stage: ResultStage 3 (parquet at NativeMethodAccessorImpl.java:0)
26/08/09 15:15:44 INFO DAGScheduler: Parents of final stage: List()
26/08/09 15:15:44 INFO DAGScheduler: Missing parents: List()
26/08/09 15:15:44 INFO DAGScheduler: Submitting ResultStage 3 (MapPartitionsRDD[9] at parquet at NativeMethodAccessorImpl.java:0), which has no missing parents
26/08/09 15:15:44 INFO MemoryStore: Block broadcast_6 stored as values in memory (estimated size 224.4 KiB, free 7.0 GiB)
26/08/09 15:15:44 INFO MemoryStore: Block broadcast_6_piece0 stored as bytes in memory (estimated size 78.9 KiB, free 7.0 GiB)
26/08/09 15:15:44 INFO BlockManagerInfo: Added broadcast_6_piece0 in memory on 708297f5eab5:46505 (size: 78.9 KiB, free: 7.0 GiB)
26/08/09 15:15:44 INFO SparkContext: Created broadcast 6 from broadcast at DAGScheduler.scala:1611
26/08/09 15:15:44 INFO DAGScheduler: Submitting 3 missing tasks from ResultStage 3 (MapPartitionsRDD[9] at parquet at NativeMethodAccessorImpl.java:0) (first 15 tasks are for partitions Vector(0, 1, 2))
26/08/09 15:15:44 INFO TaskSchedulerImpl: Adding task set 3.0 with 3 tasks resource profile 0
26/08/09 15:15:44 INFO TaskSetManager: Starting task 0.0 in stage 3.0 (TID 2) (708297f5eab5, executor driver, partition 0, PROCESS_LOCAL, 17958 bytes) 
26/08/09 15:15:44 INFO TaskSetManager: Starting task 1.0 in stage 3.0 (TID 3) (708297f5eab5, executor driver, partition 1, PROCESS_LOCAL, 17955 bytes) 
26/08/09 15:15:44 INFO TaskSetManager: Starting task 2.0 in stage 3.0 (TID 4) (708297f5eab5, executor driver, partition 2, PROCESS_LOCAL, 16524 bytes) 
26/08/09 15:15:44 INFO Executor: Running task 0.0 in stage 3.0 (TID 2)
26/08/09 15:15:44 INFO Executor: Running task 1.0 in stage 3.0 (TID 3)
26/08/09 15:15:44 INFO Executor: Running task 2.0 in stage 3.0 (TID 4)
26/08/09 15:15:45 INFO CodeGenerator: Code generated in 17.813509 ms
26/08/09 15:15:45 INFO FileOutputCommitter: File Output Committer Algorithm version is 1
26/08/09 15:15:45 INFO FileOutputCommitter: File Output Committer Algorithm version is 1
26/08/09 15:15:45 INFO FileOutputCommitter: File Output Committer Algorithm version is 1
26/08/09 15:15:45 INFO FileOutputCommitter: FileOutputCommitter skip cleanup _temporary folders under output directory:false, ignore cleanup failures: false
26/08/09 15:15:45 INFO FileOutputCommitter: FileOutputCommitter skip cleanup _temporary folders under output directory:false, ignore cleanup failures: false
26/08/09 15:15:45 INFO FileOutputCommitter: FileOutputCommitter skip cleanup _temporary folders under output directory:false, ignore cleanup failures: false
26/08/09 15:15:45 INFO SQLHadoopMapReduceCommitProtocol: Using user defined output committer class org.apache.parquet.hadoop.ParquetOutputCommitter
26/08/09 15:15:45 INFO SQLHadoopMapReduceCommitProtocol: Using user defined output committer class org.apache.parquet.hadoop.ParquetOutputCommitter
26/08/09 15:15:45 INFO SQLHadoopMapReduceCommitProtocol: Using user defined output committer class org.apache.parquet.hadoop.ParquetOutputCommitter
26/08/09 15:15:45 INFO FileOutputCommitter: File Output Committer Algorithm version is 1
26/08/09 15:15:45 INFO FileOutputCommitter: File Output Committer Algorithm version is 1
26/08/09 15:15:45 INFO FileOutputCommitter: File Output Committer Algorithm version is 1
26/08/09 15:15:45 INFO FileOutputCommitter: FileOutputCommitter skip cleanup _temporary folders under output directory:false, ignore cleanup failures: false
26/08/09 15:15:45 INFO FileOutputCommitter: FileOutputCommitter skip cleanup _temporary folders under output directory:false, ignore cleanup failures: false
26/08/09 15:15:45 INFO FileOutputCommitter: FileOutputCommitter skip cleanup _temporary folders under output directory:false, ignore cleanup failures: false
26/08/09 15:15:45 INFO SQLHadoopMapReduceCommitProtocol: Using output committer class org.apache.parquet.hadoop.ParquetOutputCommitter
26/08/09 15:15:45 INFO SQLHadoopMapReduceCommitProtocol: Using output committer class org.apache.parquet.hadoop.ParquetOutputCommitter
26/08/09 15:15:45 INFO SQLHadoopMapReduceCommitProtocol: Using output committer class org.apache.parquet.hadoop.ParquetOutputCommitter
26/08/09 15:15:45 INFO CodecConfig: Compression: SNAPPY
26/08/09 15:15:45 INFO CodecConfig: Compression: SNAPPY
26/08/09 15:15:45 INFO ParquetOutputFormat: ParquetRecordWriter [block size: 134217728b, row group padding size: 8388608b, validating: false]
26/08/09 15:15:45 INFO FormatModelRegistry: Unable to call register for (org.apache.iceberg.flink.data.FlinkFormatModels). Check for missing jars on the classpath: Cannot find method: register
26/08/09 15:15:45 INFO ParquetWriteSupport: Initialized Parquet WriteSupport with Catalyst schema:
{
  "type" : "struct",
  "fields" : [ {
    "name" : "field_id",
    "type" : "string",
    "nullable" : true,
    "metadata" : { }
  }, {
    "name" : "date",
    "type" : "string",
    "nullable" : true,
    "metadata" : { }
  }, {
    "name" : "dekad",
    "type" : "long",
    "nullable" : true,
    "metadata" : { }
  }, {
    "name" : "season",
    "type" : "long",
    "nullable" : true,
    "metadata" : { }
  }, {
    "name" : "mgrs_tile",
    "type" : "string",
    "nullable" : true,
    "metadata" : { }
  }, {
    "name" : "scene_id",
    "type" : "string",
    "nullable" : true,
    "metadata" : { }
  }, {
    "name" : "mean_ndvi",
    "type" : "double",
    "nullable" : true,
    "metadata" : { }
  }, {
    "name" : "valid_px",
    "type" : "integer",
    "nullable" : true,
    "metadata" : { }
  }, {
    "name" : "utm_zone",
    "type" : "integer",
    "nullable" : true,
    "metadata" : { }
  }, {
    "name" : "total_px",
    "type" : "integer",
    "nullable" : true,
    "metadata" : { }
  }, {
    "name" : "valid_frac",
    "type" : "double",
    "nullable" : true,
    "metadata" : { }
  } ]
}
and corresponding Parquet message type:
message spark_schema {
  optional binary field_id (STRING);
  optional binary date (STRING);
  optional int64 dekad;
  optional int64 season;
  optional binary mgrs_tile (STRING);
  optional binary scene_id (STRING);
  optional double mean_ndvi;
  optional int32 valid_px;
  optional int32 utm_zone;
  optional int32 total_px;
  optional double valid_frac;
}

       
26/08/09 15:15:45 INFO CodecPool: Got brand-new compressor [.snappy]
26/08/09 15:15:45 INFO VectorizedSparkParquetReaders: Enabling arrow.enable_unsafe_memory_access
26/08/09 15:15:45 INFO VectorizedSparkParquetReaders: Disabling arrow.enable_null_check_for_get
26/08/09 15:15:45 INFO BaseAllocator: Debug mode disabled. Enable with the VM option -Darrow.memory.debug.allocator=true.
26/08/09 15:15:45 INFO DefaultAllocationManagerOption: allocation manager type not specified, using netty as the default type
26/08/09 15:15:45 INFO CheckAllocator: Using DefaultAllocationManager at memory/DefaultAllocationManagerFactory.class
26/08/09 15:15:45 INFO CodecPool: Got brand-new decompressor [.zstd]
26/08/09 15:15:45 INFO CodecPool: Got brand-new decompressor [.zstd]
26/08/09 15:15:45 INFO CodecPool: Got brand-new decompressor [.zstd]
26/08/09 15:15:45 INFO CodecConfig: Compression: SNAPPY
26/08/09 15:15:45 INFO CodecConfig: Compression: SNAPPY
26/08/09 15:15:45 INFO CodecConfig: Compression: SNAPPY
26/08/09 15:15:45 INFO CodecConfig: Compression: SNAPPY
26/08/09 15:15:45 INFO ParquetOutputFormat: ParquetRecordWriter [block size: 134217728b, row group padding size: 8388608b, validating: false]
26/08/09 15:15:45 INFO ParquetOutputFormat: ParquetRecordWriter [block size: 134217728b, row group padding size: 8388608b, validating: false]
26/08/09 15:15:45 INFO ParquetWriteSupport: Initialized Parquet WriteSupport with Catalyst schema:
{
  "type" : "struct",
  "fields" : [ {
    "name" : "field_id",
    "type" : "string",
    "nullable" : true,
    "metadata" : { }
  }, {
    "name" : "date",
    "type" : "string",
    "nullable" : true,
    "metadata" : { }
  }, {
    "name" : "dekad",
    "type" : "long",
    "nullable" : true,
    "metadata" : { }
  }, {
    "name" : "season",
    "type" : "long",
    "nullable" : true,
    "metadata" : { }
  }, {
    "name" : "mgrs_tile",
    "type" : "string",
    "nullable" : true,
    "metadata" : { }
  }, {
    "name" : "scene_id",
    "type" : "string",
    "nullable" : true,
    "metadata" : { }
  }, {
    "name" : "mean_ndvi",
    "type" : "double",
    "nullable" : true,
    "metadata" : { }
  }, {
    "name" : "valid_px",
    "type" : "integer",
    "nullable" : true,
    "metadata" : { }
  }, {
    "name" : "utm_zone",
    "type" : "integer",
    "nullable" : true,
    "metadata" : { }
  }, {
    "name" : "total_px",
    "type" : "integer",
    "nullable" : true,
    "metadata" : { }
  }, {
    "name" : "valid_frac",
    "type" : "double",
    "nullable" : true,
    "metadata" : { }
  } ]
}
and corresponding Parquet message type:
message spark_schema {
  optional binary field_id (STRING);
  optional binary date (STRING);
  optional int64 dekad;
  optional int64 season;
  optional binary mgrs_tile (STRING);
  optional binary scene_id (STRING);
  optional double mean_ndvi;
  optional int32 valid_px;
  optional int32 utm_zone;
  optional int32 total_px;
  optional double valid_frac;
}

       
26/08/09 15:15:45 INFO ParquetWriteSupport: Initialized Parquet WriteSupport with Catalyst schema:
{
  "type" : "struct",
  "fields" : [ {
    "name" : "field_id",
    "type" : "string",
    "nullable" : true,
    "metadata" : { }
  }, {
    "name" : "date",
    "type" : "string",
    "nullable" : true,
    "metadata" : { }
  }, {
    "name" : "dekad",
    "type" : "long",
    "nullable" : true,
    "metadata" : { }
  }, {
    "name" : "season",
    "type" : "long",
    "nullable" : true,
    "metadata" : { }
  }, {
    "name" : "mgrs_tile",
    "type" : "string",
    "nullable" : true,
    "metadata" : { }
  }, {
    "name" : "scene_id",
    "type" : "string",
    "nullable" : true,
    "metadata" : { }
  }, {
    "name" : "mean_ndvi",
    "type" : "double",
    "nullable" : true,
    "metadata" : { }
  }, {
    "name" : "valid_px",
    "type" : "integer",
    "nullable" : true,
    "metadata" : { }
  }, {
    "name" : "utm_zone",
    "type" : "integer",
    "nullable" : true,
    "metadata" : { }
  }, {
    "name" : "total_px",
    "type" : "integer",
    "nullable" : true,
    "metadata" : { }
  }, {
    "name" : "valid_frac",
    "type" : "double",
    "nullable" : true,
    "metadata" : { }
  } ]
}
and corresponding Parquet message type:
message spark_schema {
  optional binary field_id (STRING);
  optional binary date (STRING);
  optional int64 dekad;
  optional int64 season;
  optional binary mgrs_tile (STRING);
  optional binary scene_id (STRING);
  optional double mean_ndvi;
  optional int32 valid_px;
  optional int32 utm_zone;
  optional int32 total_px;
  optional double valid_frac;
}

       
26/08/09 15:15:45 INFO CodecPool: Got brand-new compressor [.snappy]
26/08/09 15:15:45 INFO CodecPool: Got brand-new compressor [.snappy]
26/08/09 15:15:46 INFO CodecPool: Got brand-new decompressor [.zstd]
26/08/09 15:15:46 INFO CodecPool: Got brand-new decompressor [.zstd]
26/08/09 15:15:46 INFO CodecPool: Got brand-new decompressor [.zstd]
26/08/09 15:15:46 INFO CodecPool: Got brand-new decompressor [.zstd]
26/08/09 15:15:46 INFO CodecPool: Got brand-new decompressor [.zstd]
26/08/09 15:15:46 INFO CodecPool: Got brand-new decompressor [.zstd]
26/08/09 15:15:46 INFO FileOutputCommitter: Saved output of task 'attempt_202608091515441218752066455363742_0003_m_000002_4' to file:/opt/s2fn/data/export/_temporary/0/task_202608091515441218752066455363742_0003_m_000002
26/08/09 15:15:46 INFO SparkHadoopMapRedUtil: attempt_202608091515441218752066455363742_0003_m_000002_4: Committed. Elapsed time: 0 ms.
26/08/09 15:15:46 INFO Executor: Finished task 2.0 in stage 3.0 (TID 4). 4407 bytes result sent to driver
26/08/09 15:15:46 INFO TaskSetManager: Finished task 2.0 in stage 3.0 (TID 4) in 1375 ms on 708297f5eab5 (executor driver) (1/3)
26/08/09 15:15:46 INFO CodecPool: Got brand-new decompressor [.zstd]
26/08/09 15:15:46 INFO FileOutputCommitter: Saved output of task 'attempt_202608091515441218752066455363742_0003_m_000001_3' to file:/opt/s2fn/data/export/_temporary/0/task_202608091515441218752066455363742_0003_m_000001
26/08/09 15:15:46 INFO SparkHadoopMapRedUtil: attempt_202608091515441218752066455363742_0003_m_000001_3: Committed. Elapsed time: 0 ms.
26/08/09 15:15:46 INFO Executor: Finished task 1.0 in stage 3.0 (TID 3). 4407 bytes result sent to driver
26/08/09 15:15:46 INFO TaskSetManager: Finished task 1.0 in stage 3.0 (TID 3) in 1453 ms on 708297f5eab5 (executor driver) (2/3)
26/08/09 15:15:46 INFO FileOutputCommitter: Saved output of task 'attempt_202608091515441218752066455363742_0003_m_000000_2' to file:/opt/s2fn/data/export/_temporary/0/task_202608091515441218752066455363742_0003_m_000000
26/08/09 15:15:46 INFO SparkHadoopMapRedUtil: attempt_202608091515441218752066455363742_0003_m_000000_2: Committed. Elapsed time: 0 ms.
26/08/09 15:15:46 INFO Executor: Finished task 0.0 in stage 3.0 (TID 2). 4407 bytes result sent to driver
26/08/09 15:15:46 INFO TaskSetManager: Finished task 0.0 in stage 3.0 (TID 2) in 1566 ms on 708297f5eab5 (executor driver) (3/3)
26/08/09 15:15:46 INFO TaskSchedulerImpl: Removed TaskSet 3.0, whose tasks have all completed, from pool 
26/08/09 15:15:46 INFO DAGScheduler: ResultStage 3 (parquet at NativeMethodAccessorImpl.java:0) finished in 1.599 s
26/08/09 15:15:46 INFO DAGScheduler: Job 2 is finished. Cancelling potential speculative or zombie tasks for this job
26/08/09 15:15:46 INFO TaskSchedulerImpl: Killing all running tasks in stage 3: Stage finished
26/08/09 15:15:46 INFO DAGScheduler: Job 2 finished: parquet at NativeMethodAccessorImpl.java:0, took 1.602790 s
26/08/09 15:15:46 INFO FileFormatWriter: Start to commit write Job abafdaa1-e8bc-4dbf-8fe1-02cf26907e58.
26/08/09 15:15:46 INFO FileFormatWriter: Write Job abafdaa1-e8bc-4dbf-8fe1-02cf26907e58 committed. Elapsed time: 9 ms.
26/08/09 15:15:46 INFO FileFormatWriter: Finished processing stats for write job abafdaa1-e8bc-4dbf-8fe1-02cf26907e58.
26/08/09 15:15:46 INFO SnapshotScan: Scanning table local.crop.field_ndvi snapshot 5976104115045962168 created at 2026-08-09T15:01:27.860+00:00 with filter true
26/08/09 15:15:46 INFO BaseDistributedDataScan: Planning file tasks locally for table local.crop.field_ndvi
26/08/09 15:15:46 INFO V2ScanRelationPushDown: 
Pushing operators to local.crop.field_ndvi
Pushed Aggregate Functions:
 COUNT(*)
Pushed Group by:
 
         
26/08/09 15:15:46 INFO CodeGenerator: Code generated in 10.537396 ms
26/08/09 15:15:46 INFO CodeGenerator: Code generated in 6.428957 ms
26/08/09 15:15:46 INFO DAGScheduler: Registering RDD 12 (count at NativeMethodAccessorImpl.java:0) as input to shuffle 1
26/08/09 15:15:46 INFO DAGScheduler: Got map stage job 3 (count at NativeMethodAccessorImpl.java:0) with 1 output partitions
26/08/09 15:15:46 INFO DAGScheduler: Final stage: ShuffleMapStage 4 (count at NativeMethodAccessorImpl.java:0)
26/08/09 15:15:46 INFO DAGScheduler: Parents of final stage: List()
26/08/09 15:15:46 INFO DAGScheduler: Missing parents: List()
26/08/09 15:15:46 INFO DAGScheduler: Submitting ShuffleMapStage 4 (MapPartitionsRDD[12] at count at NativeMethodAccessorImpl.java:0), which has no missing parents
26/08/09 15:15:46 INFO MemoryStore: Block broadcast_7 stored as values in memory (estimated size 12.6 KiB, free 7.0 GiB)
26/08/09 15:15:46 INFO MemoryStore: Block broadcast_7_piece0 stored as bytes in memory (estimated size 6.2 KiB, free 7.0 GiB)
26/08/09 15:15:46 INFO BlockManagerInfo: Added broadcast_7_piece0 in memory on 708297f5eab5:46505 (size: 6.2 KiB, free: 7.0 GiB)
26/08/09 15:15:46 INFO SparkContext: Created broadcast 7 from broadcast at DAGScheduler.scala:1611
26/08/09 15:15:46 INFO DAGScheduler: Submitting 1 missing tasks from ShuffleMapStage 4 (MapPartitionsRDD[12] at count at NativeMethodAccessorImpl.java:0) (first 15 tasks are for partitions Vector(0))
26/08/09 15:15:46 INFO TaskSchedulerImpl: Adding task set 4.0 with 1 tasks resource profile 0
26/08/09 15:15:46 INFO TaskSetManager: Starting task 0.0 in stage 4.0 (TID 5) (708297f5eab5, executor driver, partition 0, PROCESS_LOCAL, 8894 bytes) 
26/08/09 15:15:46 INFO Executor: Running task 0.0 in stage 4.0 (TID 5)
26/08/09 15:15:46 INFO CodeGenerator: Code generated in 8.699215 ms
26/08/09 15:15:46 INFO Executor: Finished task 0.0 in stage 4.0 (TID 5). 1774 bytes result sent to driver
26/08/09 15:15:46 INFO TaskSetManager: Finished task 0.0 in stage 4.0 (TID 5) in 19 ms on 708297f5eab5 (executor driver) (1/1)
26/08/09 15:15:46 INFO TaskSchedulerImpl: Removed TaskSet 4.0, whose tasks have all completed, from pool 
26/08/09 15:15:46 INFO DAGScheduler: ShuffleMapStage 4 (count at NativeMethodAccessorImpl.java:0) finished in 0.026 s
26/08/09 15:15:46 INFO DAGScheduler: looking for newly runnable stages
26/08/09 15:15:46 INFO DAGScheduler: running: Set()
26/08/09 15:15:46 INFO DAGScheduler: waiting: Set()
26/08/09 15:15:46 INFO DAGScheduler: failed: Set()
26/08/09 15:15:46 INFO BlockManagerInfo: Removed broadcast_3_piece0 on 708297f5eab5:46505 in memory (size: 26.5 KiB, free: 7.0 GiB)
26/08/09 15:15:46 INFO BlockManagerInfo: Removed broadcast_2_piece0 on 708297f5eab5:46505 in memory (size: 27.0 KiB, free: 7.0 GiB)
26/08/09 15:15:46 INFO BlockManagerInfo: Removed broadcast_6_piece0 on 708297f5eab5:46505 in memory (size: 78.9 KiB, free: 7.0 GiB)
26/08/09 15:15:46 INFO CodeGenerator: Code generated in 8.95355 ms
26/08/09 15:15:46 INFO SparkContext: Starting job: count at NativeMethodAccessorImpl.java:0
26/08/09 15:15:46 INFO DAGScheduler: Got job 4 (count at NativeMethodAccessorImpl.java:0) with 1 output partitions
26/08/09 15:15:46 INFO DAGScheduler: Final stage: ResultStage 6 (count at NativeMethodAccessorImpl.java:0)
26/08/09 15:15:46 INFO DAGScheduler: Parents of final stage: List(ShuffleMapStage 5)
26/08/09 15:15:46 INFO DAGScheduler: Missing parents: List()
26/08/09 15:15:46 INFO DAGScheduler: Submitting ResultStage 6 (MapPartitionsRDD[15] at count at NativeMethodAccessorImpl.java:0), which has no missing parents
26/08/09 15:15:46 INFO MemoryStore: Block broadcast_8 stored as values in memory (estimated size 13.7 KiB, free 7.0 GiB)
26/08/09 15:15:46 INFO MemoryStore: Block broadcast_8_piece0 stored as bytes in memory (estimated size 6.4 KiB, free 7.0 GiB)
26/08/09 15:15:46 INFO BlockManagerInfo: Added broadcast_8_piece0 in memory on 708297f5eab5:46505 (size: 6.4 KiB, free: 7.0 GiB)
26/08/09 15:15:46 INFO SparkContext: Created broadcast 8 from broadcast at DAGScheduler.scala:1611
26/08/09 15:15:46 INFO DAGScheduler: Submitting 1 missing tasks from ResultStage 6 (MapPartitionsRDD[15] at count at NativeMethodAccessorImpl.java:0) (first 15 tasks are for partitions Vector(0))
26/08/09 15:15:46 INFO TaskSchedulerImpl: Adding task set 6.0 with 1 tasks resource profile 0
26/08/09 15:15:46 INFO TaskSetManager: Starting task 0.0 in stage 6.0 (TID 6) (708297f5eab5, executor driver, partition 0, NODE_LOCAL, 8999 bytes) 
26/08/09 15:15:46 INFO Executor: Running task 0.0 in stage 6.0 (TID 6)
26/08/09 15:15:46 INFO ShuffleBlockFetcherIterator: Getting 1 (60.0 B) non-empty blocks including 1 (60.0 B) local and 0 (0.0 B) host-local and 0 (0.0 B) push-merged-local and 0 (0.0 B) remote blocks
26/08/09 15:15:46 INFO ShuffleBlockFetcherIterator: Started 0 remote fetches in 0 ms
26/08/09 15:15:46 INFO CodeGenerator: Code generated in 7.987675 ms
26/08/09 15:15:46 INFO Executor: Finished task 0.0 in stage 6.0 (TID 6). 3808 bytes result sent to driver
26/08/09 15:15:46 INFO TaskSetManager: Finished task 0.0 in stage 6.0 (TID 6) in 18 ms on 708297f5eab5 (executor driver) (1/1)
26/08/09 15:15:46 INFO TaskSchedulerImpl: Removed TaskSet 6.0, whose tasks have all completed, from pool 
26/08/09 15:15:46 INFO DAGScheduler: ResultStage 6 (count at NativeMethodAccessorImpl.java:0) finished in 0.029 s
26/08/09 15:15:46 INFO DAGScheduler: Job 4 is finished. Cancelling potential speculative or zombie tasks for this job
26/08/09 15:15:46 INFO TaskSchedulerImpl: Killing all running tasks in stage 6: Stage finished
26/08/09 15:15:46 INFO DAGScheduler: Job 4 finished: count at NativeMethodAccessorImpl.java:0, took 0.032505 s
EXPORTED 575714
26/08/09 15:15:46 INFO SparkContext: Invoking stop() from shutdown hook
26/08/09 15:15:46 INFO SparkContext: SparkContext is stopping with exitCode 0.
26/08/09 15:15:46 INFO SparkUI: Stopped Spark web UI at http://708297f5eab5:4040
26/08/09 15:15:46 INFO MapOutputTrackerMasterEndpoint: MapOutputTrackerMasterEndpoint stopped!
26/08/09 15:15:46 INFO MemoryStore: MemoryStore cleared
26/08/09 15:15:46 INFO BlockManager: BlockManager stopped
26/08/09 15:15:46 INFO BlockManagerMaster: BlockManagerMaster stopped
26/08/09 15:15:46 INFO OutputCommitCoordinator$OutputCommitCoordinatorEndpoint: OutputCommitCoordinator stopped!
26/08/09 15:15:46 INFO SparkContext: Successfully stopped SparkContext
26/08/09 15:15:46 INFO ShutdownHookManager: Shutdown hook called
26/08/09 15:15:46 INFO ShutdownHookManager: Deleting directory /tmp/spark-7da85847-0e10-40dd-979e-71fc82703153
26/08/09 15:15:46 INFO ShutdownHookManager: Deleting directory /tmp/spark-168aa692-c0ee-460c-9537-4c83dc31213d
26/08/09 15:15:46 INFO ShutdownHookManager: Deleting directory /tmp/spark-168aa692-c0ee-460c-9537-4c83dc31213d/pyspark-a3ea4c8c-c2df-4039-85db-d451080f5e68
26/08/09 15:16:05 INFO SparkContext: Running Spark version 3.5.9
26/08/09 15:16:05 INFO SparkContext: OS info Linux, 6.1.177-224.371.amzn2023.aarch64, aarch64
26/08/09 15:16:05 INFO SparkContext: Java version 17.0.19
26/08/09 15:16:05 WARN NativeCodeLoader: Unable to load native-hadoop library for your platform... using builtin-java classes where applicable
26/08/09 15:16:05 INFO ResourceUtils: ==============================================================
26/08/09 15:16:05 INFO ResourceUtils: No custom resources configured for spark.driver.
26/08/09 15:16:05 INFO ResourceUtils: ==============================================================
26/08/09 15:16:05 INFO SparkContext: Submitted application: export
26/08/09 15:16:05 INFO ResourceProfile: Default ResourceProfile created, executor resources: Map(cores -> name: cores, amount: 1, script: , vendor: , memory -> name: memory, amount: 1024, script: , vendor: , offHeap -> name: offHeap, amount: 0, script: , vendor: ), task resources: Map(cpus -> name: cpus, amount: 1.0)
26/08/09 15:16:05 INFO ResourceProfile: Limiting resource is cpu
26/08/09 15:16:05 INFO ResourceProfileManager: Added ResourceProfile id: 0
26/08/09 15:16:05 INFO SecurityManager: Changing view acls to: spark
26/08/09 15:16:05 INFO SecurityManager: Changing modify acls to: spark
26/08/09 15:16:05 INFO SecurityManager: Changing view acls groups to: 
26/08/09 15:16:05 INFO SecurityManager: Changing modify acls groups to: 
26/08/09 15:16:05 INFO SecurityManager: SecurityManager: authentication disabled; ui acls disabled; users with view permissions: spark; groups with view permissions: EMPTY; users with modify permissions: spark; groups with modify permissions: EMPTY
26/08/09 15:16:05 INFO Utils: Successfully started service 'sparkDriver' on port 34715.
26/08/09 15:16:05 INFO SparkEnv: Registering MapOutputTracker
26/08/09 15:16:05 INFO SparkEnv: Registering BlockManagerMaster
26/08/09 15:16:05 INFO BlockManagerMasterEndpoint: Using org.apache.spark.storage.DefaultTopologyMapper for getting topology information
26/08/09 15:16:05 INFO BlockManagerMasterEndpoint: BlockManagerMasterEndpoint up
26/08/09 15:16:05 INFO SparkEnv: Registering BlockManagerMasterHeartbeat
26/08/09 15:16:05 INFO DiskBlockManager: Created local directory at /tmp/blockmgr-af8c895a-f6a9-45f5-90eb-a685bd33ddcc
26/08/09 15:16:05 INFO MemoryStore: MemoryStore started with capacity 7.0 GiB
26/08/09 15:16:05 INFO SparkEnv: Registering OutputCommitCoordinator
26/08/09 15:16:05 INFO JettyUtils: Start Jetty 0.0.0.0:4040 for SparkUI
26/08/09 15:16:05 INFO Utils: Successfully started service 'SparkUI' on port 4040.
26/08/09 15:16:05 INFO Executor: Starting executor ID driver on host 4e7c4d50e7e7
26/08/09 15:16:05 INFO Executor: OS info Linux, 6.1.177-224.371.amzn2023.aarch64, aarch64
26/08/09 15:16:05 INFO Executor: Java version 17.0.19
26/08/09 15:16:05 INFO Executor: Starting executor with user classpath (userClassPathFirst = false): ''
26/08/09 15:16:05 INFO Executor: Created or updated repl class loader org.apache.spark.util.MutableURLClassLoader@7cfd9c6f for default.
26/08/09 15:16:05 INFO Utils: Successfully started service 'org.apache.spark.network.netty.NettyBlockTransferService' on port 38845.
26/08/09 15:16:05 INFO NettyBlockTransferService: Server created on 4e7c4d50e7e7:38845
26/08/09 15:16:05 INFO BlockManager: Using org.apache.spark.storage.RandomBlockReplicationPolicy for block replication policy
26/08/09 15:16:05 INFO BlockManagerMaster: Registering BlockManager BlockManagerId(driver, 4e7c4d50e7e7, 38845, None)
26/08/09 15:16:05 INFO BlockManagerMasterEndpoint: Registering block manager 4e7c4d50e7e7:38845 with 7.0 GiB RAM, BlockManagerId(driver, 4e7c4d50e7e7, 38845, None)
26/08/09 15:16:05 INFO BlockManagerMaster: Registered BlockManager BlockManagerId(driver, 4e7c4d50e7e7, 38845, None)
26/08/09 15:16:05 INFO BlockManager: Initialized BlockManager: BlockManagerId(driver, 4e7c4d50e7e7, 38845, None)
26/08/09 15:16:06 INFO SharedState: Setting hive.metastore.warehouse.dir ('null') to the value of spark.sql.warehouse.dir.
26/08/09 15:16:06 INFO SharedState: Warehouse path is 'file:/opt/s2fn/spark-warehouse'.
26/08/09 15:16:07 INFO CodeGenerator: Code generated in 128.82063 ms
26/08/09 15:16:07 INFO DAGScheduler: Registering RDD 2 (count at NativeMethodAccessorImpl.java:0) as input to shuffle 0
26/08/09 15:16:07 INFO DAGScheduler: Got map stage job 0 (count at NativeMethodAccessorImpl.java:0) with 1 output partitions
26/08/09 15:16:07 INFO DAGScheduler: Final stage: ShuffleMapStage 0 (count at NativeMethodAccessorImpl.java:0)
26/08/09 15:16:07 INFO DAGScheduler: Parents of final stage: List()
26/08/09 15:16:07 INFO DAGScheduler: Missing parents: List()
26/08/09 15:16:07 INFO DAGScheduler: Submitting ShuffleMapStage 0 (MapPartitionsRDD[2] at count at NativeMethodAccessorImpl.java:0), which has no missing parents
26/08/09 15:16:07 INFO MemoryStore: Block broadcast_0 stored as values in memory (estimated size 11.0 KiB, free 7.0 GiB)
26/08/09 15:16:08 INFO MemoryStore: Block broadcast_0_piece0 stored as bytes in memory (estimated size 5.7 KiB, free 7.0 GiB)
26/08/09 15:16:08 INFO BlockManagerInfo: Added broadcast_0_piece0 in memory on 4e7c4d50e7e7:38845 (size: 5.7 KiB, free: 7.0 GiB)
26/08/09 15:16:08 INFO SparkContext: Created broadcast 0 from broadcast at DAGScheduler.scala:1611
26/08/09 15:16:08 INFO DAGScheduler: Submitting 1 missing tasks from ShuffleMapStage 0 (MapPartitionsRDD[2] at count at NativeMethodAccessorImpl.java:0) (first 15 tasks are for partitions Vector(0))
26/08/09 15:16:08 INFO TaskSchedulerImpl: Adding task set 0.0 with 1 tasks resource profile 0
26/08/09 15:16:08 INFO TaskSetManager: Starting task 0.0 in stage 0.0 (TID 0) (4e7c4d50e7e7, executor driver, partition 0, PROCESS_LOCAL, 8934 bytes) 
26/08/09 15:16:08 INFO Executor: Running task 0.0 in stage 0.0 (TID 0)
26/08/09 15:16:08 INFO CodeGenerator: Code generated in 10.100808 ms
26/08/09 15:16:08 INFO Executor: Finished task 0.0 in stage 0.0 (TID 0). 1817 bytes result sent to driver
26/08/09 15:16:08 INFO TaskSetManager: Finished task 0.0 in stage 0.0 (TID 0) in 125 ms on 4e7c4d50e7e7 (executor driver) (1/1)
26/08/09 15:16:08 INFO TaskSchedulerImpl: Removed TaskSet 0.0, whose tasks have all completed, from pool 
26/08/09 15:16:08 INFO DAGScheduler: ShuffleMapStage 0 (count at NativeMethodAccessorImpl.java:0) finished in 0.419 s
26/08/09 15:16:08 INFO DAGScheduler: looking for newly runnable stages
26/08/09 15:16:08 INFO DAGScheduler: running: Set()
26/08/09 15:16:08 INFO DAGScheduler: waiting: Set()
26/08/09 15:16:08 INFO DAGScheduler: failed: Set()
26/08/09 15:16:08 INFO CodeGenerator: Code generated in 9.733518 ms
26/08/09 15:16:08 INFO SparkContext: Starting job: count at NativeMethodAccessorImpl.java:0
26/08/09 15:16:08 INFO DAGScheduler: Got job 1 (count at NativeMethodAccessorImpl.java:0) with 1 output partitions
26/08/09 15:16:08 INFO DAGScheduler: Final stage: ResultStage 2 (count at NativeMethodAccessorImpl.java:0)
26/08/09 15:16:08 INFO DAGScheduler: Parents of final stage: List(ShuffleMapStage 1)
26/08/09 15:16:08 INFO DAGScheduler: Missing parents: List()
26/08/09 15:16:08 INFO DAGScheduler: Submitting ResultStage 2 (MapPartitionsRDD[5] at count at NativeMethodAccessorImpl.java:0), which has no missing parents
26/08/09 15:16:08 INFO MemoryStore: Block broadcast_1 stored as values in memory (estimated size 12.5 KiB, free 7.0 GiB)
26/08/09 15:16:08 INFO MemoryStore: Block broadcast_1_piece0 stored as bytes in memory (estimated size 5.9 KiB, free 7.0 GiB)
26/08/09 15:16:08 INFO BlockManagerInfo: Added broadcast_1_piece0 in memory on 4e7c4d50e7e7:38845 (size: 5.9 KiB, free: 7.0 GiB)
26/08/09 15:16:08 INFO SparkContext: Created broadcast 1 from broadcast at DAGScheduler.scala:1611
26/08/09 15:16:08 INFO DAGScheduler: Submitting 1 missing tasks from ResultStage 2 (MapPartitionsRDD[5] at count at NativeMethodAccessorImpl.java:0) (first 15 tasks are for partitions Vector(0))
26/08/09 15:16:08 INFO TaskSchedulerImpl: Adding task set 2.0 with 1 tasks resource profile 0
26/08/09 15:16:08 INFO TaskSetManager: Starting task 0.0 in stage 2.0 (TID 1) (4e7c4d50e7e7, executor driver, partition 0, NODE_LOCAL, 8999 bytes) 
26/08/09 15:16:08 INFO Executor: Running task 0.0 in stage 2.0 (TID 1)
26/08/09 15:16:08 INFO ShuffleBlockFetcherIterator: Getting 1 (60.0 B) non-empty blocks including 1 (60.0 B) local and 0 (0.0 B) host-local and 0 (0.0 B) push-merged-local and 0 (0.0 B) remote blocks
26/08/09 15:16:08 INFO ShuffleBlockFetcherIterator: Started 0 remote fetches in 7 ms
26/08/09 15:16:08 INFO CodeGenerator: Code generated in 8.384624 ms
26/08/09 15:16:08 INFO Executor: Finished task 0.0 in stage 2.0 (TID 1). 3808 bytes result sent to driver
26/08/09 15:16:08 INFO TaskSetManager: Finished task 0.0 in stage 2.0 (TID 1) in 59 ms on 4e7c4d50e7e7 (executor driver) (1/1)
26/08/09 15:16:08 INFO TaskSchedulerImpl: Removed TaskSet 2.0, whose tasks have all completed, from pool 
26/08/09 15:16:08 INFO DAGScheduler: ResultStage 2 (count at NativeMethodAccessorImpl.java:0) finished in 0.069 s
26/08/09 15:16:08 INFO DAGScheduler: Job 1 is finished. Cancelling potential speculative or zombie tasks for this job
26/08/09 15:16:08 INFO TaskSchedulerImpl: Killing all running tasks in stage 2: Stage finished
26/08/09 15:16:08 INFO DAGScheduler: Job 1 finished: count at NativeMethodAccessorImpl.java:0, took 0.080803 s
26/08/09 15:16:08 INFO BlockManagerInfo: Removed broadcast_0_piece0 on 4e7c4d50e7e7:38845 in memory (size: 5.7 KiB, free: 7.0 GiB)
26/08/09 15:16:08 INFO BlockManagerInfo: Removed broadcast_1_piece0 on 4e7c4d50e7e7:38845 in memory (size: 5.9 KiB, free: 7.0 GiB)
26/08/09 15:16:09 INFO CatalogUtil: Loading custom FileIO implementation: org.apache.iceberg.hadoop.HadoopFileIO
26/08/09 15:16:10 INFO BaseMetastoreCatalog: Table loaded by catalog: local.crop.field_ndvi
26/08/09 15:16:10 INFO V2ScanRelationPushDown: 
Output: field_id#30, date#31, dekad#32L, season#33L, mgrs_tile#34, scene_id#35, mean_ndvi#36, valid_px#37, utm_zone#38, total_px#39, valid_frac#40
         
26/08/09 15:16:10 INFO SnapshotScan: Scanning table local.crop.field_ndvi snapshot 6086248341707158165 created at 2026-08-09T09:52:40.224+00:00 with filter true
26/08/09 15:16:10 INFO BaseDistributedDataScan: Planning file tasks locally for table local.crop.field_ndvi
26/08/09 15:16:10 INFO SparkPartitioningAwareScan: Reporting UnknownPartitioning with 3 partition(s) for table local.crop.field_ndvi
26/08/09 15:16:10 INFO MemoryStore: Block broadcast_2 stored as values in memory (estimated size 32.0 KiB, free 7.0 GiB)
26/08/09 15:16:10 INFO MemoryStore: Block broadcast_2_piece0 stored as bytes in memory (estimated size 27.0 KiB, free 7.0 GiB)
26/08/09 15:16:10 INFO BlockManagerInfo: Added broadcast_2_piece0 in memory on 4e7c4d50e7e7:38845 (size: 27.0 KiB, free: 7.0 GiB)
26/08/09 15:16:10 INFO SparkContext: Created broadcast 2 from broadcast at SparkBatch.java:90
26/08/09 15:16:10 INFO MemoryStore: Block broadcast_3 stored as values in memory (estimated size 32.0 KiB, free 7.0 GiB)
26/08/09 15:16:10 INFO MemoryStore: Block broadcast_3_piece0 stored as bytes in memory (estimated size 26.5 KiB, free 7.0 GiB)
26/08/09 15:16:10 INFO BlockManagerInfo: Added broadcast_3_piece0 in memory on 4e7c4d50e7e7:38845 (size: 26.5 KiB, free: 7.0 GiB)
26/08/09 15:16:10 INFO SparkContext: Created broadcast 3 from broadcast at SparkBatch.java:92
26/08/09 15:16:10 INFO MemoryStore: Block broadcast_4 stored as values in memory (estimated size 32.0 KiB, free 7.0 GiB)
26/08/09 15:16:10 INFO MemoryStore: Block broadcast_4_piece0 stored as bytes in memory (estimated size 27.0 KiB, free 7.0 GiB)
26/08/09 15:16:10 INFO BlockManagerInfo: Added broadcast_4_piece0 in memory on 4e7c4d50e7e7:38845 (size: 27.0 KiB, free: 7.0 GiB)
26/08/09 15:16:10 INFO SparkContext: Created broadcast 4 from broadcast at SparkBatch.java:90
26/08/09 15:16:10 INFO MemoryStore: Block broadcast_5 stored as values in memory (estimated size 32.0 KiB, free 7.0 GiB)
26/08/09 15:16:10 INFO MemoryStore: Block broadcast_5_piece0 stored as bytes in memory (estimated size 26.5 KiB, free 7.0 GiB)
26/08/09 15:16:10 INFO BlockManagerInfo: Added broadcast_5_piece0 in memory on 4e7c4d50e7e7:38845 (size: 26.5 KiB, free: 7.0 GiB)
26/08/09 15:16:10 INFO SparkContext: Created broadcast 5 from broadcast at SparkBatch.java:92
26/08/09 15:16:10 INFO ParquetUtils: Using default output committer for Parquet: org.apache.parquet.hadoop.ParquetOutputCommitter
26/08/09 15:16:10 INFO FileOutputCommitter: File Output Committer Algorithm version is 1
26/08/09 15:16:10 INFO FileOutputCommitter: FileOutputCommitter skip cleanup _temporary folders under output directory:false, ignore cleanup failures: false
26/08/09 15:16:10 INFO SQLHadoopMapReduceCommitProtocol: Using user defined output committer class org.apache.parquet.hadoop.ParquetOutputCommitter
26/08/09 15:16:10 INFO FileOutputCommitter: File Output Committer Algorithm version is 1
26/08/09 15:16:10 INFO FileOutputCommitter: FileOutputCommitter skip cleanup _temporary folders under output directory:false, ignore cleanup failures: false
26/08/09 15:16:10 INFO SQLHadoopMapReduceCommitProtocol: Using output committer class org.apache.parquet.hadoop.ParquetOutputCommitter
26/08/09 15:16:10 INFO CodeGenerator: Code generated in 23.71852 ms
26/08/09 15:16:10 INFO SparkContext: Starting job: parquet at NativeMethodAccessorImpl.java:0
26/08/09 15:16:10 INFO DAGScheduler: Got job 2 (parquet at NativeMethodAccessorImpl.java:0) with 3 output partitions
26/08/09 15:16:10 INFO DAGScheduler: Final stage: ResultStage 3 (parquet at NativeMethodAccessorImpl.java:0)
26/08/09 15:16:10 INFO DAGScheduler: Parents of final stage: List()
26/08/09 15:16:10 INFO DAGScheduler: Missing parents: List()
26/08/09 15:16:10 INFO DAGScheduler: Submitting ResultStage 3 (MapPartitionsRDD[9] at parquet at NativeMethodAccessorImpl.java:0), which has no missing parents
26/08/09 15:16:10 INFO MemoryStore: Block broadcast_6 stored as values in memory (estimated size 224.5 KiB, free 7.0 GiB)
26/08/09 15:16:10 INFO MemoryStore: Block broadcast_6_piece0 stored as bytes in memory (estimated size 78.9 KiB, free 7.0 GiB)
26/08/09 15:16:10 INFO BlockManagerInfo: Added broadcast_6_piece0 in memory on 4e7c4d50e7e7:38845 (size: 78.9 KiB, free: 7.0 GiB)
26/08/09 15:16:10 INFO SparkContext: Created broadcast 6 from broadcast at DAGScheduler.scala:1611
26/08/09 15:16:10 INFO DAGScheduler: Submitting 3 missing tasks from ResultStage 3 (MapPartitionsRDD[9] at parquet at NativeMethodAccessorImpl.java:0) (first 15 tasks are for partitions Vector(0, 1, 2))
26/08/09 15:16:10 INFO TaskSchedulerImpl: Adding task set 3.0 with 3 tasks resource profile 0
26/08/09 15:16:10 INFO TaskSetManager: Starting task 0.0 in stage 3.0 (TID 2) (4e7c4d50e7e7, executor driver, partition 0, PROCESS_LOCAL, 17957 bytes) 
26/08/09 15:16:10 INFO TaskSetManager: Starting task 1.0 in stage 3.0 (TID 3) (4e7c4d50e7e7, executor driver, partition 1, PROCESS_LOCAL, 17956 bytes) 
26/08/09 15:16:10 INFO TaskSetManager: Starting task 2.0 in stage 3.0 (TID 4) (4e7c4d50e7e7, executor driver, partition 2, PROCESS_LOCAL, 15807 bytes) 
26/08/09 15:16:10 INFO Executor: Running task 0.0 in stage 3.0 (TID 2)
26/08/09 15:16:10 INFO Executor: Running task 1.0 in stage 3.0 (TID 3)
26/08/09 15:16:10 INFO Executor: Running task 2.0 in stage 3.0 (TID 4)
26/08/09 15:16:10 INFO CodeGenerator: Code generated in 18.004276 ms
26/08/09 15:16:10 INFO FileOutputCommitter: File Output Committer Algorithm version is 1
26/08/09 15:16:10 INFO FileOutputCommitter: File Output Committer Algorithm version is 1
26/08/09 15:16:10 INFO FileOutputCommitter: FileOutputCommitter skip cleanup _temporary folders under output directory:false, ignore cleanup failures: false
26/08/09 15:16:10 INFO FileOutputCommitter: File Output Committer Algorithm version is 1
26/08/09 15:16:10 INFO FileOutputCommitter: FileOutputCommitter skip cleanup _temporary folders under output directory:false, ignore cleanup failures: false
26/08/09 15:16:10 INFO FileOutputCommitter: FileOutputCommitter skip cleanup _temporary folders under output directory:false, ignore cleanup failures: false
26/08/09 15:16:10 INFO SQLHadoopMapReduceCommitProtocol: Using user defined output committer class org.apache.parquet.hadoop.ParquetOutputCommitter
26/08/09 15:16:10 INFO SQLHadoopMapReduceCommitProtocol: Using user defined output committer class org.apache.parquet.hadoop.ParquetOutputCommitter
26/08/09 15:16:10 INFO SQLHadoopMapReduceCommitProtocol: Using user defined output committer class org.apache.parquet.hadoop.ParquetOutputCommitter
26/08/09 15:16:10 INFO FileOutputCommitter: File Output Committer Algorithm version is 1
26/08/09 15:16:10 INFO FileOutputCommitter: File Output Committer Algorithm version is 1
26/08/09 15:16:10 INFO FileOutputCommitter: File Output Committer Algorithm version is 1
26/08/09 15:16:10 INFO FileOutputCommitter: FileOutputCommitter skip cleanup _temporary folders under output directory:false, ignore cleanup failures: false
26/08/09 15:16:10 INFO FileOutputCommitter: FileOutputCommitter skip cleanup _temporary folders under output directory:false, ignore cleanup failures: false
26/08/09 15:16:10 INFO FileOutputCommitter: FileOutputCommitter skip cleanup _temporary folders under output directory:false, ignore cleanup failures: false
26/08/09 15:16:10 INFO SQLHadoopMapReduceCommitProtocol: Using output committer class org.apache.parquet.hadoop.ParquetOutputCommitter
26/08/09 15:16:10 INFO SQLHadoopMapReduceCommitProtocol: Using output committer class org.apache.parquet.hadoop.ParquetOutputCommitter
26/08/09 15:16:10 INFO SQLHadoopMapReduceCommitProtocol: Using output committer class org.apache.parquet.hadoop.ParquetOutputCommitter
26/08/09 15:16:10 INFO CodecConfig: Compression: SNAPPY
26/08/09 15:16:10 INFO CodecConfig: Compression: SNAPPY
26/08/09 15:16:10 INFO ParquetOutputFormat: ParquetRecordWriter [block size: 134217728b, row group padding size: 8388608b, validating: false]
26/08/09 15:16:10 INFO FormatModelRegistry: Unable to call register for (org.apache.iceberg.flink.data.FlinkFormatModels). Check for missing jars on the classpath: Cannot find method: register
26/08/09 15:16:10 INFO ParquetWriteSupport: Initialized Parquet WriteSupport with Catalyst schema:
{
  "type" : "struct",
  "fields" : [ {
    "name" : "field_id",
    "type" : "string",
    "nullable" : true,
    "metadata" : { }
  }, {
    "name" : "date",
    "type" : "string",
    "nullable" : true,
    "metadata" : { }
  }, {
    "name" : "dekad",
    "type" : "long",
    "nullable" : true,
    "metadata" : { }
  }, {
    "name" : "season",
    "type" : "long",
    "nullable" : true,
    "metadata" : { }
  }, {
    "name" : "mgrs_tile",
    "type" : "string",
    "nullable" : true,
    "metadata" : { }
  }, {
    "name" : "scene_id",
    "type" : "string",
    "nullable" : true,
    "metadata" : { }
  }, {
    "name" : "mean_ndvi",
    "type" : "double",
    "nullable" : true,
    "metadata" : { }
  }, {
    "name" : "valid_px",
    "type" : "integer",
    "nullable" : true,
    "metadata" : { }
  }, {
    "name" : "utm_zone",
    "type" : "integer",
    "nullable" : true,
    "metadata" : { }
  }, {
    "name" : "total_px",
    "type" : "integer",
    "nullable" : true,
    "metadata" : { }
  }, {
    "name" : "valid_frac",
    "type" : "double",
    "nullable" : true,
    "metadata" : { }
  } ]
}
and corresponding Parquet message type:
message spark_schema {
  optional binary field_id (STRING);
  optional binary date (STRING);
  optional int64 dekad;
  optional int64 season;
  optional binary mgrs_tile (STRING);
  optional binary scene_id (STRING);
  optional double mean_ndvi;
  optional int32 valid_px;
  optional int32 utm_zone;
  optional int32 total_px;
  optional double valid_frac;
}

       
26/08/09 15:16:10 INFO CodecPool: Got brand-new compressor [.snappy]
26/08/09 15:16:11 INFO VectorizedSparkParquetReaders: Enabling arrow.enable_unsafe_memory_access
26/08/09 15:16:11 INFO VectorizedSparkParquetReaders: Disabling arrow.enable_null_check_for_get
26/08/09 15:16:11 INFO BaseAllocator: Debug mode disabled. Enable with the VM option -Darrow.memory.debug.allocator=true.
26/08/09 15:16:11 INFO DefaultAllocationManagerOption: allocation manager type not specified, using netty as the default type
26/08/09 15:16:11 INFO CheckAllocator: Using DefaultAllocationManager at memory/DefaultAllocationManagerFactory.class
26/08/09 15:16:11 INFO CodecPool: Got brand-new decompressor [.zstd]
26/08/09 15:16:11 INFO CodecPool: Got brand-new decompressor [.zstd]
26/08/09 15:16:11 INFO CodecPool: Got brand-new decompressor [.zstd]
26/08/09 15:16:11 INFO CodecConfig: Compression: SNAPPY
26/08/09 15:16:11 INFO CodecConfig: Compression: SNAPPY
26/08/09 15:16:11 INFO CodecConfig: Compression: SNAPPY
26/08/09 15:16:11 INFO CodecConfig: Compression: SNAPPY
26/08/09 15:16:11 INFO ParquetOutputFormat: ParquetRecordWriter [block size: 134217728b, row group padding size: 8388608b, validating: false]
26/08/09 15:16:11 INFO ParquetOutputFormat: ParquetRecordWriter [block size: 134217728b, row group padding size: 8388608b, validating: false]
26/08/09 15:16:11 INFO ParquetWriteSupport: Initialized Parquet WriteSupport with Catalyst schema:
{
  "type" : "struct",
  "fields" : [ {
    "name" : "field_id",
    "type" : "string",
    "nullable" : true,
    "metadata" : { }
  }, {
    "name" : "date",
    "type" : "string",
    "nullable" : true,
    "metadata" : { }
  }, {
    "name" : "dekad",
    "type" : "long",
    "nullable" : true,
    "metadata" : { }
  }, {
    "name" : "season",
    "type" : "long",
    "nullable" : true,
    "metadata" : { }
  }, {
    "name" : "mgrs_tile",
    "type" : "string",
    "nullable" : true,
    "metadata" : { }
  }, {
    "name" : "scene_id",
    "type" : "string",
    "nullable" : true,
    "metadata" : { }
  }, {
    "name" : "mean_ndvi",
    "type" : "double",
    "nullable" : true,
    "metadata" : { }
  }, {
    "name" : "valid_px",
    "type" : "integer",
    "nullable" : true,
    "metadata" : { }
  }, {
    "name" : "utm_zone",
    "type" : "integer",
    "nullable" : true,
    "metadata" : { }
  }, {
    "name" : "total_px",
    "type" : "integer",
    "nullable" : true,
    "metadata" : { }
  }, {
    "name" : "valid_frac",
    "type" : "double",
    "nullable" : true,
    "metadata" : { }
  } ]
}
and corresponding Parquet message type:
message spark_schema {
  optional binary field_id (STRING);
  optional binary date (STRING);
  optional int64 dekad;
  optional int64 season;
  optional binary mgrs_tile (STRING);
  optional binary scene_id (STRING);
  optional double mean_ndvi;
  optional int32 valid_px;
  optional int32 utm_zone;
  optional int32 total_px;
  optional double valid_frac;
}

       
26/08/09 15:16:11 INFO ParquetWriteSupport: Initialized Parquet WriteSupport with Catalyst schema:
{
  "type" : "struct",
  "fields" : [ {
    "name" : "field_id",
    "type" : "string",
    "nullable" : true,
    "metadata" : { }
  }, {
    "name" : "date",
    "type" : "string",
    "nullable" : true,
    "metadata" : { }
  }, {
    "name" : "dekad",
    "type" : "long",
    "nullable" : true,
    "metadata" : { }
  }, {
    "name" : "season",
    "type" : "long",
    "nullable" : true,
    "metadata" : { }
  }, {
    "name" : "mgrs_tile",
    "type" : "string",
    "nullable" : true,
    "metadata" : { }
  }, {
    "name" : "scene_id",
    "type" : "string",
    "nullable" : true,
    "metadata" : { }
  }, {
    "name" : "mean_ndvi",
    "type" : "double",
    "nullable" : true,
    "metadata" : { }
  }, {
    "name" : "valid_px",
    "type" : "integer",
    "nullable" : true,
    "metadata" : { }
  }, {
    "name" : "utm_zone",
    "type" : "integer",
    "nullable" : true,
    "metadata" : { }
  }, {
    "name" : "total_px",
    "type" : "integer",
    "nullable" : true,
    "metadata" : { }
  }, {
    "name" : "valid_frac",
    "type" : "double",
    "nullable" : true,
    "metadata" : { }
  } ]
}
and corresponding Parquet message type:
message spark_schema {
  optional binary field_id (STRING);
  optional binary date (STRING);
  optional int64 dekad;
  optional int64 season;
  optional binary mgrs_tile (STRING);
  optional binary scene_id (STRING);
  optional double mean_ndvi;
  optional int32 valid_px;
  optional int32 utm_zone;
  optional int32 total_px;
  optional double valid_frac;
}

       
26/08/09 15:16:11 INFO CodecPool: Got brand-new compressor [.snappy]
26/08/09 15:16:11 INFO CodecPool: Got brand-new compressor [.snappy]
26/08/09 15:16:11 INFO CodecPool: Got brand-new decompressor [.zstd]
26/08/09 15:16:11 INFO CodecPool: Got brand-new decompressor [.zstd]
26/08/09 15:16:11 INFO CodecPool: Got brand-new decompressor [.zstd]
26/08/09 15:16:11 INFO CodecPool: Got brand-new decompressor [.zstd]
26/08/09 15:16:11 INFO CodecPool: Got brand-new decompressor [.zstd]
26/08/09 15:16:12 INFO FileOutputCommitter: Saved output of task 'attempt_202608091516105205766999337799642_0003_m_000002_4' to file:/opt/s2fn/data/export/_temporary/0/task_202608091516105205766999337799642_0003_m_000002
26/08/09 15:16:12 INFO SparkHadoopMapRedUtil: attempt_202608091516105205766999337799642_0003_m_000002_4: Committed. Elapsed time: 5 ms.
26/08/09 15:16:12 INFO Executor: Finished task 2.0 in stage 3.0 (TID 4). 4407 bytes result sent to driver
26/08/09 15:16:12 INFO CodecPool: Got brand-new decompressor [.zstd]
26/08/09 15:16:12 INFO TaskSetManager: Finished task 2.0 in stage 3.0 (TID 4) in 1251 ms on 4e7c4d50e7e7 (executor driver) (1/3)
26/08/09 15:16:12 INFO FileOutputCommitter: Saved output of task 'attempt_202608091516105205766999337799642_0003_m_000001_3' to file:/opt/s2fn/data/export/_temporary/0/task_202608091516105205766999337799642_0003_m_000001
26/08/09 15:16:12 INFO SparkHadoopMapRedUtil: attempt_202608091516105205766999337799642_0003_m_000001_3: Committed. Elapsed time: 0 ms.
26/08/09 15:16:12 INFO Executor: Finished task 1.0 in stage 3.0 (TID 3). 4407 bytes result sent to driver
26/08/09 15:16:12 INFO TaskSetManager: Finished task 1.0 in stage 3.0 (TID 3) in 1307 ms on 4e7c4d50e7e7 (executor driver) (2/3)
26/08/09 15:16:12 INFO FileOutputCommitter: Saved output of task 'attempt_202608091516105205766999337799642_0003_m_000000_2' to file:/opt/s2fn/data/export/_temporary/0/task_202608091516105205766999337799642_0003_m_000000
26/08/09 15:16:12 INFO SparkHadoopMapRedUtil: attempt_202608091516105205766999337799642_0003_m_000000_2: Committed. Elapsed time: 0 ms.
26/08/09 15:16:12 INFO Executor: Finished task 0.0 in stage 3.0 (TID 2). 4407 bytes result sent to driver
26/08/09 15:16:12 INFO TaskSetManager: Finished task 0.0 in stage 3.0 (TID 2) in 1352 ms on 4e7c4d50e7e7 (executor driver) (3/3)
26/08/09 15:16:12 INFO TaskSchedulerImpl: Removed TaskSet 3.0, whose tasks have all completed, from pool 
26/08/09 15:16:12 INFO DAGScheduler: ResultStage 3 (parquet at NativeMethodAccessorImpl.java:0) finished in 1.389 s
26/08/09 15:16:12 INFO DAGScheduler: Job 2 is finished. Cancelling potential speculative or zombie tasks for this job
26/08/09 15:16:12 INFO TaskSchedulerImpl: Killing all running tasks in stage 3: Stage finished
26/08/09 15:16:12 INFO DAGScheduler: Job 2 finished: parquet at NativeMethodAccessorImpl.java:0, took 1.393419 s
26/08/09 15:16:12 INFO FileFormatWriter: Start to commit write Job f41f01cd-cd7c-4125-a43d-ed51296a1922.
26/08/09 15:16:12 INFO FileFormatWriter: Write Job f41f01cd-cd7c-4125-a43d-ed51296a1922 committed. Elapsed time: 9 ms.
26/08/09 15:16:12 INFO FileFormatWriter: Finished processing stats for write job f41f01cd-cd7c-4125-a43d-ed51296a1922.
26/08/09 15:16:12 INFO SnapshotScan: Scanning table local.crop.field_ndvi snapshot 6086248341707158165 created at 2026-08-09T09:52:40.224+00:00 with filter true
26/08/09 15:16:12 INFO BaseDistributedDataScan: Planning file tasks locally for table local.crop.field_ndvi
26/08/09 15:16:12 INFO V2ScanRelationPushDown: 
Pushing operators to local.crop.field_ndvi
Pushed Aggregate Functions:
 COUNT(*)
Pushed Group by:
 
         
26/08/09 15:16:12 INFO CodeGenerator: Code generated in 10.819894 ms
26/08/09 15:16:12 INFO CodeGenerator: Code generated in 6.40977 ms
26/08/09 15:16:12 INFO DAGScheduler: Registering RDD 12 (count at NativeMethodAccessorImpl.java:0) as input to shuffle 1
26/08/09 15:16:12 INFO DAGScheduler: Got map stage job 3 (count at NativeMethodAccessorImpl.java:0) with 1 output partitions
26/08/09 15:16:12 INFO DAGScheduler: Final stage: ShuffleMapStage 4 (count at NativeMethodAccessorImpl.java:0)
26/08/09 15:16:12 INFO DAGScheduler: Parents of final stage: List()
26/08/09 15:16:12 INFO DAGScheduler: Missing parents: List()
26/08/09 15:16:12 INFO DAGScheduler: Submitting ShuffleMapStage 4 (MapPartitionsRDD[12] at count at NativeMethodAccessorImpl.java:0), which has no missing parents
26/08/09 15:16:12 INFO MemoryStore: Block broadcast_7 stored as values in memory (estimated size 12.6 KiB, free 7.0 GiB)
26/08/09 15:16:12 INFO MemoryStore: Block broadcast_7_piece0 stored as bytes in memory (estimated size 6.2 KiB, free 7.0 GiB)
26/08/09 15:16:12 INFO BlockManagerInfo: Added broadcast_7_piece0 in memory on 4e7c4d50e7e7:38845 (size: 6.2 KiB, free: 7.0 GiB)
26/08/09 15:16:12 INFO SparkContext: Created broadcast 7 from broadcast at DAGScheduler.scala:1611
26/08/09 15:16:12 INFO DAGScheduler: Submitting 1 missing tasks from ShuffleMapStage 4 (MapPartitionsRDD[12] at count at NativeMethodAccessorImpl.java:0) (first 15 tasks are for partitions Vector(0))
26/08/09 15:16:12 INFO TaskSchedulerImpl: Adding task set 4.0 with 1 tasks resource profile 0
26/08/09 15:16:12 INFO TaskSetManager: Starting task 0.0 in stage 4.0 (TID 5) (4e7c4d50e7e7, executor driver, partition 0, PROCESS_LOCAL, 8894 bytes) 
26/08/09 15:16:12 INFO Executor: Running task 0.0 in stage 4.0 (TID 5)
26/08/09 15:16:12 INFO CodeGenerator: Code generated in 8.378544 ms
26/08/09 15:16:12 INFO Executor: Finished task 0.0 in stage 4.0 (TID 5). 1774 bytes result sent to driver
26/08/09 15:16:12 INFO TaskSetManager: Finished task 0.0 in stage 4.0 (TID 5) in 18 ms on 4e7c4d50e7e7 (executor driver) (1/1)
26/08/09 15:16:12 INFO TaskSchedulerImpl: Removed TaskSet 4.0, whose tasks have all completed, from pool 
26/08/09 15:16:12 INFO DAGScheduler: ShuffleMapStage 4 (count at NativeMethodAccessorImpl.java:0) finished in 0.025 s
26/08/09 15:16:12 INFO DAGScheduler: looking for newly runnable stages
26/08/09 15:16:12 INFO DAGScheduler: running: Set()
26/08/09 15:16:12 INFO DAGScheduler: waiting: Set()
26/08/09 15:16:12 INFO DAGScheduler: failed: Set()
26/08/09 15:16:12 INFO BlockManagerInfo: Removed broadcast_2_piece0 on 4e7c4d50e7e7:38845 in memory (size: 27.0 KiB, free: 7.0 GiB)
26/08/09 15:16:12 INFO BlockManagerInfo: Removed broadcast_3_piece0 on 4e7c4d50e7e7:38845 in memory (size: 26.5 KiB, free: 7.0 GiB)
26/08/09 15:16:12 INFO BlockManagerInfo: Removed broadcast_6_piece0 on 4e7c4d50e7e7:38845 in memory (size: 78.9 KiB, free: 7.0 GiB)
26/08/09 15:16:12 INFO CodeGenerator: Code generated in 8.369329 ms
26/08/09 15:16:12 INFO SparkContext: Starting job: count at NativeMethodAccessorImpl.java:0
26/08/09 15:16:12 INFO DAGScheduler: Got job 4 (count at NativeMethodAccessorImpl.java:0) with 1 output partitions
26/08/09 15:16:12 INFO DAGScheduler: Final stage: ResultStage 6 (count at NativeMethodAccessorImpl.java:0)
26/08/09 15:16:12 INFO DAGScheduler: Parents of final stage: List(ShuffleMapStage 5)
26/08/09 15:16:12 INFO DAGScheduler: Missing parents: List()
26/08/09 15:16:12 INFO DAGScheduler: Submitting ResultStage 6 (MapPartitionsRDD[15] at count at NativeMethodAccessorImpl.java:0), which has no missing parents
26/08/09 15:16:12 INFO MemoryStore: Block broadcast_8 stored as values in memory (estimated size 13.7 KiB, free 7.0 GiB)
26/08/09 15:16:12 INFO MemoryStore: Block broadcast_8_piece0 stored as bytes in memory (estimated size 6.4 KiB, free 7.0 GiB)
26/08/09 15:16:12 INFO BlockManagerInfo: Added broadcast_8_piece0 in memory on 4e7c4d50e7e7:38845 (size: 6.4 KiB, free: 7.0 GiB)
26/08/09 15:16:12 INFO SparkContext: Created broadcast 8 from broadcast at DAGScheduler.scala:1611
26/08/09 15:16:12 INFO DAGScheduler: Submitting 1 missing tasks from ResultStage 6 (MapPartitionsRDD[15] at count at NativeMethodAccessorImpl.java:0) (first 15 tasks are for partitions Vector(0))
26/08/09 15:16:12 INFO TaskSchedulerImpl: Adding task set 6.0 with 1 tasks resource profile 0
26/08/09 15:16:12 INFO TaskSetManager: Starting task 0.0 in stage 6.0 (TID 6) (4e7c4d50e7e7, executor driver, partition 0, NODE_LOCAL, 8999 bytes) 
26/08/09 15:16:12 INFO Executor: Running task 0.0 in stage 6.0 (TID 6)
26/08/09 15:16:12 INFO ShuffleBlockFetcherIterator: Getting 1 (60.0 B) non-empty blocks including 1 (60.0 B) local and 0 (0.0 B) host-local and 0 (0.0 B) push-merged-local and 0 (0.0 B) remote blocks
26/08/09 15:16:12 INFO ShuffleBlockFetcherIterator: Started 0 remote fetches in 0 ms
26/08/09 15:16:12 INFO CodeGenerator: Code generated in 7.936881 ms
26/08/09 15:16:12 INFO Executor: Finished task 0.0 in stage 6.0 (TID 6). 3808 bytes result sent to driver
26/08/09 15:16:12 INFO TaskSetManager: Finished task 0.0 in stage 6.0 (TID 6) in 17 ms on 4e7c4d50e7e7 (executor driver) (1/1)
26/08/09 15:16:12 INFO TaskSchedulerImpl: Removed TaskSet 6.0, whose tasks have all completed, from pool 
26/08/09 15:16:12 INFO DAGScheduler: ResultStage 6 (count at NativeMethodAccessorImpl.java:0) finished in 0.023 s
26/08/09 15:16:12 INFO DAGScheduler: Job 4 is finished. Cancelling potential speculative or zombie tasks for this job
26/08/09 15:16:12 INFO TaskSchedulerImpl: Killing all running tasks in stage 6: Stage finished
26/08/09 15:16:12 INFO DAGScheduler: Job 4 finished: count at NativeMethodAccessorImpl.java:0, took 0.026341 s
EXPORTED 444893
26/08/09 15:16:12 INFO SparkContext: Invoking stop() from shutdown hook
26/08/09 15:16:12 INFO SparkContext: SparkContext is stopping with exitCode 0.
26/08/09 15:16:12 INFO SparkUI: Stopped Spark web UI at http://4e7c4d50e7e7:4040
26/08/09 15:16:12 INFO MapOutputTrackerMasterEndpoint: MapOutputTrackerMasterEndpoint stopped!
26/08/09 15:16:12 INFO MemoryStore: MemoryStore cleared
26/08/09 15:16:12 INFO BlockManager: BlockManager stopped
26/08/09 15:16:12 INFO BlockManagerMaster: BlockManagerMaster stopped
26/08/09 15:16:12 INFO OutputCommitCoordinator$OutputCommitCoordinatorEndpoint: OutputCommitCoordinator stopped!
26/08/09 15:16:12 INFO SparkContext: Successfully stopped SparkContext
26/08/09 15:16:12 INFO ShutdownHookManager: Shutdown hook called
26/08/09 15:16:12 INFO ShutdownHookManager: Deleting directory /tmp/spark-63cf1a5c-90ae-4484-99d4-04a0367d30f1
26/08/09 15:16:12 INFO ShutdownHookManager: Deleting directory /tmp/spark-63cf1a5c-90ae-4484-99d4-04a0367d30f1/pyspark-d00bfe76-3704-4cd9-98d6-47e0cce7c89f
26/08/09 15:16:12 INFO ShutdownHookManager: Deleting directory /tmp/spark-f994a03f-a07a-4882-898d-7e3a04171431
26/08/09 15:16:16 INFO SparkContext: Running Spark version 3.5.9
26/08/09 15:16:16 INFO SparkContext: OS info Linux, 6.1.177-224.371.amzn2023.aarch64, aarch64
26/08/09 15:16:16 INFO SparkContext: Java version 17.0.19
26/08/09 15:16:16 WARN NativeCodeLoader: Unable to load native-hadoop library for your platform... using builtin-java classes where applicable
26/08/09 15:16:16 INFO ResourceUtils: ==============================================================
26/08/09 15:16:16 INFO ResourceUtils: No custom resources configured for spark.driver.
26/08/09 15:16:16 INFO ResourceUtils: ==============================================================
26/08/09 15:16:16 INFO SparkContext: Submitted application: merge
26/08/09 15:16:16 INFO ResourceProfile: Default ResourceProfile created, executor resources: Map(cores -> name: cores, amount: 1, script: , vendor: , memory -> name: memory, amount: 1024, script: , vendor: , offHeap -> name: offHeap, amount: 0, script: , vendor: ), task resources: Map(cpus -> name: cpus, amount: 1.0)
26/08/09 15:16:16 INFO ResourceProfile: Limiting resource is cpu
26/08/09 15:16:16 INFO ResourceProfileManager: Added ResourceProfile id: 0
26/08/09 15:16:16 INFO SecurityManager: Changing view acls to: spark
26/08/09 15:16:16 INFO SecurityManager: Changing modify acls to: spark
26/08/09 15:16:16 INFO SecurityManager: Changing view acls groups to: 
26/08/09 15:16:16 INFO SecurityManager: Changing modify acls groups to: 
26/08/09 15:16:16 INFO SecurityManager: SecurityManager: authentication disabled; ui acls disabled; users with view permissions: spark; groups with view permissions: EMPTY; users with modify permissions: spark; groups with modify permissions: EMPTY
26/08/09 15:16:16 INFO Utils: Successfully started service 'sparkDriver' on port 36391.
26/08/09 15:16:16 INFO SparkEnv: Registering MapOutputTracker
26/08/09 15:16:16 INFO SparkEnv: Registering BlockManagerMaster
26/08/09 15:16:16 INFO BlockManagerMasterEndpoint: Using org.apache.spark.storage.DefaultTopologyMapper for getting topology information
26/08/09 15:16:16 INFO BlockManagerMasterEndpoint: BlockManagerMasterEndpoint up
26/08/09 15:16:16 INFO SparkEnv: Registering BlockManagerMasterHeartbeat
26/08/09 15:16:17 INFO DiskBlockManager: Created local directory at /tmp/blockmgr-819c79d7-02d0-4c82-a8ee-869ac3e0467b
26/08/09 15:16:17 INFO MemoryStore: MemoryStore started with capacity 7.0 GiB
26/08/09 15:16:17 INFO SparkEnv: Registering OutputCommitCoordinator
26/08/09 15:16:17 INFO JettyUtils: Start Jetty 0.0.0.0:4040 for SparkUI
26/08/09 15:16:17 INFO Utils: Successfully started service 'SparkUI' on port 4040.
26/08/09 15:16:17 INFO Executor: Starting executor ID driver on host 08da040f70a7
26/08/09 15:16:17 INFO Executor: OS info Linux, 6.1.177-224.371.amzn2023.aarch64, aarch64
26/08/09 15:16:17 INFO Executor: Java version 17.0.19
26/08/09 15:16:17 INFO Executor: Starting executor with user classpath (userClassPathFirst = false): ''
26/08/09 15:16:17 INFO Executor: Created or updated repl class loader org.apache.spark.util.MutableURLClassLoader@115b4337 for default.
26/08/09 15:16:17 INFO Utils: Successfully started service 'org.apache.spark.network.netty.NettyBlockTransferService' on port 46535.
26/08/09 15:16:17 INFO NettyBlockTransferService: Server created on 08da040f70a7:46535
26/08/09 15:16:17 INFO BlockManager: Using org.apache.spark.storage.RandomBlockReplicationPolicy for block replication policy
26/08/09 15:16:17 INFO BlockManagerMaster: Registering BlockManager BlockManagerId(driver, 08da040f70a7, 46535, None)
26/08/09 15:16:17 INFO BlockManagerMasterEndpoint: Registering block manager 08da040f70a7:46535 with 7.0 GiB RAM, BlockManagerId(driver, 08da040f70a7, 46535, None)
26/08/09 15:16:17 INFO BlockManagerMaster: Registered BlockManager BlockManagerId(driver, 08da040f70a7, 46535, None)
26/08/09 15:16:17 INFO BlockManager: Initialized BlockManager: BlockManagerId(driver, 08da040f70a7, 46535, None)
26/08/09 15:16:17 INFO SharedState: Setting hive.metastore.warehouse.dir ('null') to the value of spark.sql.warehouse.dir.
26/08/09 15:16:17 INFO SharedState: Warehouse path is 'file:/opt/s2fn/spark-warehouse'.
26/08/09 15:16:19 INFO CodeGenerator: Code generated in 130.929795 ms
26/08/09 15:16:19 INFO DAGScheduler: Registering RDD 2 (count at NativeMethodAccessorImpl.java:0) as input to shuffle 0
26/08/09 15:16:19 INFO DAGScheduler: Got map stage job 0 (count at NativeMethodAccessorImpl.java:0) with 1 output partitions
26/08/09 15:16:19 INFO DAGScheduler: Final stage: ShuffleMapStage 0 (count at NativeMethodAccessorImpl.java:0)
26/08/09 15:16:19 INFO DAGScheduler: Parents of final stage: List()
26/08/09 15:16:19 INFO DAGScheduler: Missing parents: List()
26/08/09 15:16:19 INFO DAGScheduler: Submitting ShuffleMapStage 0 (MapPartitionsRDD[2] at count at NativeMethodAccessorImpl.java:0), which has no missing parents
26/08/09 15:16:19 INFO MemoryStore: Block broadcast_0 stored as values in memory (estimated size 11.0 KiB, free 7.0 GiB)
26/08/09 15:16:19 INFO MemoryStore: Block broadcast_0_piece0 stored as bytes in memory (estimated size 5.7 KiB, free 7.0 GiB)
26/08/09 15:16:19 INFO BlockManagerInfo: Added broadcast_0_piece0 in memory on 08da040f70a7:46535 (size: 5.7 KiB, free: 7.0 GiB)
26/08/09 15:16:19 INFO SparkContext: Created broadcast 0 from broadcast at DAGScheduler.scala:1611
26/08/09 15:16:19 INFO DAGScheduler: Submitting 1 missing tasks from ShuffleMapStage 0 (MapPartitionsRDD[2] at count at NativeMethodAccessorImpl.java:0) (first 15 tasks are for partitions Vector(0))
26/08/09 15:16:19 INFO TaskSchedulerImpl: Adding task set 0.0 with 1 tasks resource profile 0
26/08/09 15:16:19 INFO TaskSetManager: Starting task 0.0 in stage 0.0 (TID 0) (08da040f70a7, executor driver, partition 0, PROCESS_LOCAL, 8934 bytes) 
26/08/09 15:16:19 INFO Executor: Running task 0.0 in stage 0.0 (TID 0)
26/08/09 15:16:19 INFO CodeGenerator: Code generated in 9.62894 ms
26/08/09 15:16:19 INFO Executor: Finished task 0.0 in stage 0.0 (TID 0). 1817 bytes result sent to driver
26/08/09 15:16:19 INFO TaskSetManager: Finished task 0.0 in stage 0.0 (TID 0) in 123 ms on 08da040f70a7 (executor driver) (1/1)
26/08/09 15:16:19 INFO TaskSchedulerImpl: Removed TaskSet 0.0, whose tasks have all completed, from pool 
26/08/09 15:16:19 INFO DAGScheduler: ShuffleMapStage 0 (count at NativeMethodAccessorImpl.java:0) finished in 0.414 s
26/08/09 15:16:19 INFO DAGScheduler: looking for newly runnable stages
26/08/09 15:16:19 INFO DAGScheduler: running: Set()
26/08/09 15:16:19 INFO DAGScheduler: waiting: Set()
26/08/09 15:16:19 INFO DAGScheduler: failed: Set()
26/08/09 15:16:19 INFO CodeGenerator: Code generated in 9.519638 ms
26/08/09 15:16:19 INFO SparkContext: Starting job: count at NativeMethodAccessorImpl.java:0
26/08/09 15:16:19 INFO DAGScheduler: Got job 1 (count at NativeMethodAccessorImpl.java:0) with 1 output partitions
26/08/09 15:16:19 INFO DAGScheduler: Final stage: ResultStage 2 (count at NativeMethodAccessorImpl.java:0)
26/08/09 15:16:19 INFO DAGScheduler: Parents of final stage: List(ShuffleMapStage 1)
26/08/09 15:16:19 INFO DAGScheduler: Missing parents: List()
26/08/09 15:16:19 INFO DAGScheduler: Submitting ResultStage 2 (MapPartitionsRDD[5] at count at NativeMethodAccessorImpl.java:0), which has no missing parents
26/08/09 15:16:19 INFO MemoryStore: Block broadcast_1 stored as values in memory (estimated size 12.5 KiB, free 7.0 GiB)
26/08/09 15:16:19 INFO MemoryStore: Block broadcast_1_piece0 stored as bytes in memory (estimated size 5.9 KiB, free 7.0 GiB)
26/08/09 15:16:19 INFO BlockManagerInfo: Added broadcast_1_piece0 in memory on 08da040f70a7:46535 (size: 5.9 KiB, free: 7.0 GiB)
26/08/09 15:16:19 INFO SparkContext: Created broadcast 1 from broadcast at DAGScheduler.scala:1611
26/08/09 15:16:19 INFO DAGScheduler: Submitting 1 missing tasks from ResultStage 2 (MapPartitionsRDD[5] at count at NativeMethodAccessorImpl.java:0) (first 15 tasks are for partitions Vector(0))
26/08/09 15:16:19 INFO TaskSchedulerImpl: Adding task set 2.0 with 1 tasks resource profile 0
26/08/09 15:16:19 INFO TaskSetManager: Starting task 0.0 in stage 2.0 (TID 1) (08da040f70a7, executor driver, partition 0, NODE_LOCAL, 8999 bytes) 
26/08/09 15:16:19 INFO Executor: Running task 0.0 in stage 2.0 (TID 1)
26/08/09 15:16:19 INFO ShuffleBlockFetcherIterator: Getting 1 (60.0 B) non-empty blocks including 1 (60.0 B) local and 0 (0.0 B) host-local and 0 (0.0 B) push-merged-local and 0 (0.0 B) remote blocks
26/08/09 15:16:19 INFO ShuffleBlockFetcherIterator: Started 0 remote fetches in 7 ms
26/08/09 15:16:19 INFO CodeGenerator: Code generated in 7.884041 ms
26/08/09 15:16:19 INFO Executor: Finished task 0.0 in stage 2.0 (TID 1). 3808 bytes result sent to driver
26/08/09 15:16:19 INFO TaskSetManager: Finished task 0.0 in stage 2.0 (TID 1) in 59 ms on 08da040f70a7 (executor driver) (1/1)
26/08/09 15:16:19 INFO TaskSchedulerImpl: Removed TaskSet 2.0, whose tasks have all completed, from pool 
26/08/09 15:16:19 INFO DAGScheduler: ResultStage 2 (count at NativeMethodAccessorImpl.java:0) finished in 0.068 s
26/08/09 15:16:19 INFO DAGScheduler: Job 1 is finished. Cancelling potential speculative or zombie tasks for this job
26/08/09 15:16:19 INFO TaskSchedulerImpl: Killing all running tasks in stage 2: Stage finished
26/08/09 15:16:19 INFO DAGScheduler: Job 1 finished: count at NativeMethodAccessorImpl.java:0, took 0.079322 s
26/08/09 15:16:20 INFO BlockManagerInfo: Removed broadcast_0_piece0 on 08da040f70a7:46535 in memory (size: 5.7 KiB, free: 7.0 GiB)
26/08/09 15:16:20 INFO BlockManagerInfo: Removed broadcast_1_piece0 on 08da040f70a7:46535 in memory (size: 5.9 KiB, free: 7.0 GiB)
26/08/09 15:16:21 INFO InMemoryFileIndex: It took 15 ms to list leaf files for 1 paths.
26/08/09 15:16:21 INFO SparkContext: Starting job: parquet at NativeMethodAccessorImpl.java:0
26/08/09 15:16:21 INFO DAGScheduler: Got job 2 (parquet at NativeMethodAccessorImpl.java:0) with 1 output partitions
26/08/09 15:16:21 INFO DAGScheduler: Final stage: ResultStage 3 (parquet at NativeMethodAccessorImpl.java:0)
26/08/09 15:16:21 INFO DAGScheduler: Parents of final stage: List()
26/08/09 15:16:21 INFO DAGScheduler: Missing parents: List()
26/08/09 15:16:21 INFO DAGScheduler: Submitting ResultStage 3 (MapPartitionsRDD[7] at parquet at NativeMethodAccessorImpl.java:0), which has no missing parents
26/08/09 15:16:21 INFO MemoryStore: Block broadcast_2 stored as values in memory (estimated size 104.6 KiB, free 7.0 GiB)
26/08/09 15:16:21 INFO MemoryStore: Block broadcast_2_piece0 stored as bytes in memory (estimated size 37.9 KiB, free 7.0 GiB)
26/08/09 15:16:21 INFO BlockManagerInfo: Added broadcast_2_piece0 in memory on 08da040f70a7:46535 (size: 37.9 KiB, free: 7.0 GiB)
26/08/09 15:16:21 INFO SparkContext: Created broadcast 2 from broadcast at DAGScheduler.scala:1611
26/08/09 15:16:21 INFO DAGScheduler: Submitting 1 missing tasks from ResultStage 3 (MapPartitionsRDD[7] at parquet at NativeMethodAccessorImpl.java:0) (first 15 tasks are for partitions Vector(0))
26/08/09 15:16:21 INFO TaskSchedulerImpl: Adding task set 3.0 with 1 tasks resource profile 0
26/08/09 15:16:21 INFO TaskSetManager: Starting task 0.0 in stage 3.0 (TID 2) (08da040f70a7, executor driver, partition 0, PROCESS_LOCAL, 8988 bytes) 
26/08/09 15:16:21 INFO Executor: Running task 0.0 in stage 3.0 (TID 2)
26/08/09 15:16:21 INFO Executor: Finished task 0.0 in stage 3.0 (TID 2). 1166 bytes result sent to driver
26/08/09 15:16:21 INFO TaskSetManager: Finished task 0.0 in stage 3.0 (TID 2) in 243 ms on 08da040f70a7 (executor driver) (1/1)
26/08/09 15:16:21 INFO TaskSchedulerImpl: Removed TaskSet 3.0, whose tasks have all completed, from pool 
26/08/09 15:16:21 INFO DAGScheduler: ResultStage 3 (parquet at NativeMethodAccessorImpl.java:0) finished in 0.255 s
26/08/09 15:16:21 INFO DAGScheduler: Job 2 is finished. Cancelling potential speculative or zombie tasks for this job
26/08/09 15:16:21 INFO TaskSchedulerImpl: Killing all running tasks in stage 3: Stage finished
26/08/09 15:16:21 INFO DAGScheduler: Job 2 finished: parquet at NativeMethodAccessorImpl.java:0, took 0.257274 s
26/08/09 15:16:21 INFO CatalogUtil: Loading custom FileIO implementation: org.apache.iceberg.hadoop.HadoopFileIO
26/08/09 15:16:22 INFO BaseMetastoreCatalog: Table loaded by catalog: local.crop.field_ndvi
26/08/09 15:16:22 INFO FileSourceStrategy: Pushed Filters: 
26/08/09 15:16:22 INFO FileSourceStrategy: Post-Scan Filters: 
26/08/09 15:16:22 INFO CodeGenerator: Code generated in 24.783572 ms
26/08/09 15:16:22 INFO MemoryStore: Block broadcast_3 stored as values in memory (estimated size 205.0 KiB, free 7.0 GiB)
26/08/09 15:16:22 INFO MemoryStore: Block broadcast_3_piece0 stored as bytes in memory (estimated size 36.0 KiB, free 7.0 GiB)
26/08/09 15:16:22 INFO BlockManagerInfo: Added broadcast_3_piece0 in memory on 08da040f70a7:46535 (size: 36.0 KiB, free: 7.0 GiB)
26/08/09 15:16:22 INFO SparkContext: Created broadcast 3 from append at NativeMethodAccessorImpl.java:0
26/08/09 15:16:22 INFO FileSourceScanExec: Planning scan with bin packing, max size: 4194304 bytes, open cost is considered as scanning 4194304 bytes.
26/08/09 15:16:22 INFO DAGScheduler: Registering RDD 11 (append at NativeMethodAccessorImpl.java:0) as input to shuffle 1
26/08/09 15:16:22 INFO DAGScheduler: Got map stage job 3 (append at NativeMethodAccessorImpl.java:0) with 4 output partitions
26/08/09 15:16:22 INFO DAGScheduler: Final stage: ShuffleMapStage 4 (append at NativeMethodAccessorImpl.java:0)
26/08/09 15:16:22 INFO DAGScheduler: Parents of final stage: List()
26/08/09 15:16:22 INFO DAGScheduler: Missing parents: List()
26/08/09 15:16:22 INFO DAGScheduler: Submitting ShuffleMapStage 4 (MapPartitionsRDD[11] at append at NativeMethodAccessorImpl.java:0), which has no missing parents
26/08/09 15:16:22 INFO MemoryStore: Block broadcast_4 stored as values in memory (estimated size 23.4 KiB, free 7.0 GiB)
26/08/09 15:16:22 INFO MemoryStore: Block broadcast_4_piece0 stored as bytes in memory (estimated size 8.9 KiB, free 7.0 GiB)
26/08/09 15:16:22 INFO BlockManagerInfo: Added broadcast_4_piece0 in memory on 08da040f70a7:46535 (size: 8.9 KiB, free: 7.0 GiB)
26/08/09 15:16:22 INFO SparkContext: Created broadcast 4 from broadcast at DAGScheduler.scala:1611
26/08/09 15:16:22 INFO DAGScheduler: Submitting 4 missing tasks from ShuffleMapStage 4 (MapPartitionsRDD[11] at append at NativeMethodAccessorImpl.java:0) (first 15 tasks are for partitions Vector(0, 1, 2, 3))
26/08/09 15:16:22 INFO TaskSchedulerImpl: Adding task set 4.0 with 4 tasks resource profile 0
26/08/09 15:16:22 INFO TaskSetManager: Starting task 0.0 in stage 4.0 (TID 3) (08da040f70a7, executor driver, partition 0, PROCESS_LOCAL, 9649 bytes) 
26/08/09 15:16:22 INFO TaskSetManager: Starting task 1.0 in stage 4.0 (TID 4) (08da040f70a7, executor driver, partition 1, PROCESS_LOCAL, 9649 bytes) 
26/08/09 15:16:22 INFO TaskSetManager: Starting task 2.0 in stage 4.0 (TID 5) (08da040f70a7, executor driver, partition 2, PROCESS_LOCAL, 9649 bytes) 
26/08/09 15:16:22 INFO TaskSetManager: Starting task 3.0 in stage 4.0 (TID 6) (08da040f70a7, executor driver, partition 3, PROCESS_LOCAL, 9649 bytes) 
26/08/09 15:16:22 INFO Executor: Running task 0.0 in stage 4.0 (TID 3)
26/08/09 15:16:22 INFO Executor: Running task 1.0 in stage 4.0 (TID 4)
26/08/09 15:16:22 INFO Executor: Running task 2.0 in stage 4.0 (TID 5)
26/08/09 15:16:22 INFO Executor: Running task 3.0 in stage 4.0 (TID 6)
26/08/09 15:16:22 INFO CodeGenerator: Code generated in 18.613083 ms
26/08/09 15:16:22 INFO CodeGenerator: Code generated in 11.186993 ms
26/08/09 15:16:22 INFO FileScanRDD: Reading File path: file:///opt/s2fn/data/export-b/part-00001-51566bd1-9688-4e47-89ea-45ea42ed2f9c-c000.snappy.parquet, range: 0-4194304, partition values: [empty row]
26/08/09 15:16:22 INFO FileScanRDD: Reading File path: file:///opt/s2fn/data/export-b/part-00000-51566bd1-9688-4e47-89ea-45ea42ed2f9c-c000.snappy.parquet, range: 0-4194304, partition values: [empty row]
26/08/09 15:16:22 INFO FileScanRDD: Reading File path: file:///opt/s2fn/data/export-b/part-00000-51566bd1-9688-4e47-89ea-45ea42ed2f9c-c000.snappy.parquet, range: 4194304-5033638, partition values: [empty row]
26/08/09 15:16:22 INFO FileScanRDD: Reading File path: file:///opt/s2fn/data/export-b/part-00001-51566bd1-9688-4e47-89ea-45ea42ed2f9c-c000.snappy.parquet, range: 4194304-4706577, partition values: [empty row]
26/08/09 15:16:22 INFO Executor: Finished task 2.0 in stage 4.0 (TID 5). 1786 bytes result sent to driver
26/08/09 15:16:22 INFO TaskSetManager: Finished task 2.0 in stage 4.0 (TID 5) in 139 ms on 08da040f70a7 (executor driver) (1/4)
26/08/09 15:16:22 INFO Executor: Finished task 3.0 in stage 4.0 (TID 6). 1829 bytes result sent to driver
26/08/09 15:16:22 INFO TaskSetManager: Finished task 3.0 in stage 4.0 (TID 6) in 143 ms on 08da040f70a7 (executor driver) (2/4)
26/08/09 15:16:22 INFO CodecPool: Got brand-new decompressor [.snappy]
26/08/09 15:16:22 INFO CodecPool: Got brand-new decompressor [.snappy]
26/08/09 15:16:22 INFO BlockManagerInfo: Removed broadcast_2_piece0 on 08da040f70a7:46535 in memory (size: 37.9 KiB, free: 7.0 GiB)
26/08/09 15:16:22 INFO Executor: Finished task 1.0 in stage 4.0 (TID 4). 2001 bytes result sent to driver
26/08/09 15:16:22 INFO TaskSetManager: Finished task 1.0 in stage 4.0 (TID 4) in 576 ms on 08da040f70a7 (executor driver) (3/4)
26/08/09 15:16:22 INFO Executor: Finished task 0.0 in stage 4.0 (TID 3). 2001 bytes result sent to driver
26/08/09 15:16:22 INFO TaskSetManager: Finished task 0.0 in stage 4.0 (TID 3) in 590 ms on 08da040f70a7 (executor driver) (4/4)
26/08/09 15:16:22 INFO TaskSchedulerImpl: Removed TaskSet 4.0, whose tasks have all completed, from pool 
26/08/09 15:16:22 INFO DAGScheduler: ShuffleMapStage 4 (append at NativeMethodAccessorImpl.java:0) finished in 0.607 s
26/08/09 15:16:22 INFO DAGScheduler: looking for newly runnable stages
26/08/09 15:16:22 INFO DAGScheduler: running: Set()
26/08/09 15:16:22 INFO DAGScheduler: waiting: Set()
26/08/09 15:16:22 INFO DAGScheduler: failed: Set()
26/08/09 15:16:22 INFO ShufflePartitionsUtil: For shuffle(1), advisory target size: 402653184, actual target size 1048576, minimum partition size: 1048576
26/08/09 15:16:22 INFO MemoryStore: Block broadcast_5 stored as values in memory (estimated size 32.0 KiB, free 7.0 GiB)
26/08/09 15:16:22 INFO MemoryStore: Block broadcast_5_piece0 stored as bytes in memory (estimated size 27.0 KiB, free 7.0 GiB)
26/08/09 15:16:22 INFO BlockManagerInfo: Added broadcast_5_piece0 in memory on 08da040f70a7:46535 (size: 27.0 KiB, free: 7.0 GiB)
26/08/09 15:16:22 INFO SparkContext: Created broadcast 5 from broadcast at SparkWrite.java:195
26/08/09 15:16:22 INFO AppendDataExec: Start processing data source write support: IcebergBatchWrite(table=local.crop.field_ndvi, format=PARQUET). The input RDD has 8 partitions.
26/08/09 15:16:23 INFO SparkContext: Starting job: append at NativeMethodAccessorImpl.java:0
26/08/09 15:16:23 INFO DAGScheduler: Got job 4 (append at NativeMethodAccessorImpl.java:0) with 8 output partitions
26/08/09 15:16:23 INFO DAGScheduler: Final stage: ResultStage 6 (append at NativeMethodAccessorImpl.java:0)
26/08/09 15:16:23 INFO DAGScheduler: Parents of final stage: List(ShuffleMapStage 5)
26/08/09 15:16:23 INFO DAGScheduler: Missing parents: List()
26/08/09 15:16:23 INFO DAGScheduler: Submitting ResultStage 6 (ShuffledRowRDD[12] at append at NativeMethodAccessorImpl.java:0), which has no missing parents
26/08/09 15:16:23 INFO MemoryStore: Block broadcast_6 stored as values in memory (estimated size 11.2 KiB, free 7.0 GiB)
26/08/09 15:16:23 INFO MemoryStore: Block broadcast_6_piece0 stored as bytes in memory (estimated size 5.9 KiB, free 7.0 GiB)
26/08/09 15:16:23 INFO BlockManagerInfo: Added broadcast_6_piece0 in memory on 08da040f70a7:46535 (size: 5.9 KiB, free: 7.0 GiB)
26/08/09 15:16:23 INFO SparkContext: Created broadcast 6 from broadcast at DAGScheduler.scala:1611
26/08/09 15:16:23 INFO DAGScheduler: Submitting 8 missing tasks from ResultStage 6 (ShuffledRowRDD[12] at append at NativeMethodAccessorImpl.java:0) (first 15 tasks are for partitions Vector(0, 1, 2, 3, 4, 5, 6, 7))
26/08/09 15:16:23 INFO TaskSchedulerImpl: Adding task set 6.0 with 8 tasks resource profile 0
26/08/09 15:16:23 INFO TaskSetManager: Starting task 0.0 in stage 6.0 (TID 7) (08da040f70a7, executor driver, partition 0, NODE_LOCAL, 8999 bytes) 
26/08/09 15:16:23 INFO TaskSetManager: Starting task 1.0 in stage 6.0 (TID 8) (08da040f70a7, executor driver, partition 1, NODE_LOCAL, 8999 bytes) 
26/08/09 15:16:23 INFO TaskSetManager: Starting task 2.0 in stage 6.0 (TID 9) (08da040f70a7, executor driver, partition 2, NODE_LOCAL, 8999 bytes) 
26/08/09 15:16:23 INFO TaskSetManager: Starting task 3.0 in stage 6.0 (TID 10) (08da040f70a7, executor driver, partition 3, NODE_LOCAL, 8999 bytes) 
26/08/09 15:16:23 INFO TaskSetManager: Starting task 4.0 in stage 6.0 (TID 11) (08da040f70a7, executor driver, partition 4, NODE_LOCAL, 8999 bytes) 
26/08/09 15:16:23 INFO TaskSetManager: Starting task 5.0 in stage 6.0 (TID 12) (08da040f70a7, executor driver, partition 5, NODE_LOCAL, 8999 bytes) 
26/08/09 15:16:23 INFO TaskSetManager: Starting task 6.0 in stage 6.0 (TID 13) (08da040f70a7, executor driver, partition 6, NODE_LOCAL, 8999 bytes) 
26/08/09 15:16:23 INFO TaskSetManager: Starting task 7.0 in stage 6.0 (TID 14) (08da040f70a7, executor driver, partition 7, NODE_LOCAL, 8999 bytes) 
26/08/09 15:16:23 INFO Executor: Running task 0.0 in stage 6.0 (TID 7)
26/08/09 15:16:23 INFO Executor: Running task 1.0 in stage 6.0 (TID 8)
26/08/09 15:16:23 INFO Executor: Running task 2.0 in stage 6.0 (TID 9)
26/08/09 15:16:23 INFO Executor: Running task 3.0 in stage 6.0 (TID 10)
26/08/09 15:16:23 INFO Executor: Running task 4.0 in stage 6.0 (TID 11)
26/08/09 15:16:23 INFO Executor: Running task 5.0 in stage 6.0 (TID 12)
26/08/09 15:16:23 INFO Executor: Running task 6.0 in stage 6.0 (TID 13)
26/08/09 15:16:23 INFO Executor: Running task 7.0 in stage 6.0 (TID 14)
26/08/09 15:16:23 INFO ShuffleBlockFetcherIterator: Getting 1 (1737.8 KiB) non-empty blocks including 1 (1737.8 KiB) local and 0 (0.0 B) host-local and 0 (0.0 B) push-merged-local and 0 (0.0 B) remote blocks
26/08/09 15:16:23 INFO ShuffleBlockFetcherIterator: Getting 1 (1737.8 KiB) non-empty blocks including 1 (1737.8 KiB) local and 0 (0.0 B) host-local and 0 (0.0 B) push-merged-local and 0 (0.0 B) remote blocks
26/08/09 15:16:23 INFO ShuffleBlockFetcherIterator: Started 0 remote fetches in 0 ms
26/08/09 15:16:23 INFO ShuffleBlockFetcherIterator: Getting 1 (1737.8 KiB) non-empty blocks including 1 (1737.8 KiB) local and 0 (0.0 B) host-local and 0 (0.0 B) push-merged-local and 0 (0.0 B) remote blocks
26/08/09 15:16:23 INFO ShuffleBlockFetcherIterator: Getting 1 (1737.8 KiB) non-empty blocks including 1 (1737.8 KiB) local and 0 (0.0 B) host-local and 0 (0.0 B) push-merged-local and 0 (0.0 B) remote blocks
26/08/09 15:16:23 INFO ShuffleBlockFetcherIterator: Getting 1 (1737.8 KiB) non-empty blocks including 1 (1737.8 KiB) local and 0 (0.0 B) host-local and 0 (0.0 B) push-merged-local and 0 (0.0 B) remote blocks
26/08/09 15:16:23 INFO ShuffleBlockFetcherIterator: Getting 1 (1579.8 KiB) non-empty blocks including 1 (1579.8 KiB) local and 0 (0.0 B) host-local and 0 (0.0 B) push-merged-local and 0 (0.0 B) remote blocks
26/08/09 15:16:23 INFO ShuffleBlockFetcherIterator: Started 0 remote fetches in 1 ms
26/08/09 15:16:23 INFO ShuffleBlockFetcherIterator: Started 0 remote fetches in 1 ms
26/08/09 15:16:23 INFO ShuffleBlockFetcherIterator: Started 0 remote fetches in 0 ms
26/08/09 15:16:23 INFO ShuffleBlockFetcherIterator: Started 0 remote fetches in 1 ms
26/08/09 15:16:23 INFO ShuffleBlockFetcherIterator: Getting 1 (1305.6 KiB) non-empty blocks including 1 (1305.6 KiB) local and 0 (0.0 B) host-local and 0 (0.0 B) push-merged-local and 0 (0.0 B) remote blocks
26/08/09 15:16:23 INFO ShuffleBlockFetcherIterator: Getting 1 (1737.8 KiB) non-empty blocks including 1 (1737.8 KiB) local and 0 (0.0 B) host-local and 0 (0.0 B) push-merged-local and 0 (0.0 B) remote blocks
26/08/09 15:16:23 INFO ShuffleBlockFetcherIterator: Started 0 remote fetches in 2 ms
26/08/09 15:16:23 INFO ShuffleBlockFetcherIterator: Started 0 remote fetches in 2 ms
26/08/09 15:16:23 INFO ShuffleBlockFetcherIterator: Started 0 remote fetches in 3 ms
26/08/09 15:16:23 INFO FormatModelRegistry: Unable to call register for (org.apache.iceberg.flink.data.FlinkFormatModels). Check for missing jars on the classpath: Cannot find method: register
26/08/09 15:16:23 INFO CodecPool: Got brand-new compressor [.zstd]
26/08/09 15:16:23 INFO CodecPool: Got brand-new compressor [.zstd]
26/08/09 15:16:23 INFO CodecPool: Got brand-new compressor [.zstd]
26/08/09 15:16:23 INFO CodecPool: Got brand-new compressor [.zstd]
26/08/09 15:16:23 INFO CodecPool: Got brand-new compressor [.zstd]
26/08/09 15:16:23 INFO CodecPool: Got brand-new compressor [.zstd]
26/08/09 15:16:23 INFO CodecPool: Got brand-new compressor [.zstd]
26/08/09 15:16:23 INFO CodecPool: Got brand-new compressor [.zstd]
26/08/09 15:16:23 INFO DataWritingSparkTask: Writer for partition 6 is committing.
26/08/09 15:16:23 INFO DataWritingSparkTask: Writer for partition 7 is committing.
26/08/09 15:16:23 INFO DataWritingSparkTask: Writer for partition 4 is committing.
26/08/09 15:16:23 INFO DataWritingSparkTask: Writer for partition 3 is committing.
26/08/09 15:16:23 INFO DataWritingSparkTask: Writer for partition 0 is committing.
26/08/09 15:16:23 INFO DataWritingSparkTask: Writer for partition 1 is committing.
26/08/09 15:16:23 INFO DataWritingSparkTask: Writer for partition 5 is committing.
26/08/09 15:16:23 INFO DataWritingSparkTask: Writer for partition 2 is committing.
26/08/09 15:16:24 INFO DataWritingSparkTask: Committed partition 5 (task 12, attempt 0, stage 6.0)
26/08/09 15:16:24 INFO DataWritingSparkTask: Committed partition 1 (task 8, attempt 0, stage 6.0)
26/08/09 15:16:24 INFO DataWritingSparkTask: Committed partition 7 (task 14, attempt 0, stage 6.0)
26/08/09 15:16:24 INFO DataWritingSparkTask: Committed partition 2 (task 9, attempt 0, stage 6.0)
26/08/09 15:16:24 INFO DataWritingSparkTask: Committed partition 3 (task 10, attempt 0, stage 6.0)
26/08/09 15:16:24 INFO DataWritingSparkTask: Committed partition 0 (task 7, attempt 0, stage 6.0)
26/08/09 15:16:24 INFO DataWritingSparkTask: Committed partition 6 (task 13, attempt 0, stage 6.0)
26/08/09 15:16:24 INFO DataWritingSparkTask: Committed partition 4 (task 11, attempt 0, stage 6.0)
26/08/09 15:16:24 INFO Executor: Finished task 1.0 in stage 6.0 (TID 8). 6242 bytes result sent to driver
26/08/09 15:16:24 INFO Executor: Finished task 7.0 in stage 6.0 (TID 14). 6243 bytes result sent to driver
26/08/09 15:16:24 INFO TaskSetManager: Finished task 1.0 in stage 6.0 (TID 8) in 1077 ms on 08da040f70a7 (executor driver) (1/8)
26/08/09 15:16:24 INFO Executor: Finished task 6.0 in stage 6.0 (TID 13). 6243 bytes result sent to driver
26/08/09 15:16:24 INFO Executor: Finished task 3.0 in stage 6.0 (TID 10). 6243 bytes result sent to driver
26/08/09 15:16:24 INFO Executor: Finished task 2.0 in stage 6.0 (TID 9). 6242 bytes result sent to driver
26/08/09 15:16:24 INFO Executor: Finished task 4.0 in stage 6.0 (TID 11). 6243 bytes result sent to driver
26/08/09 15:16:24 INFO Executor: Finished task 5.0 in stage 6.0 (TID 12). 6243 bytes result sent to driver
26/08/09 15:16:24 INFO Executor: Finished task 0.0 in stage 6.0 (TID 7). 6242 bytes result sent to driver
26/08/09 15:16:24 INFO TaskSetManager: Finished task 7.0 in stage 6.0 (TID 14) in 1075 ms on 08da040f70a7 (executor driver) (2/8)
26/08/09 15:16:24 INFO TaskSetManager: Finished task 3.0 in stage 6.0 (TID 10) in 1081 ms on 08da040f70a7 (executor driver) (3/8)
26/08/09 15:16:24 INFO TaskSetManager: Finished task 4.0 in stage 6.0 (TID 11) in 1082 ms on 08da040f70a7 (executor driver) (4/8)
26/08/09 15:16:24 INFO TaskSetManager: Finished task 2.0 in stage 6.0 (TID 9) in 1083 ms on 08da040f70a7 (executor driver) (5/8)
26/08/09 15:16:24 INFO TaskSetManager: Finished task 5.0 in stage 6.0 (TID 12) in 1082 ms on 08da040f70a7 (executor driver) (6/8)
26/08/09 15:16:24 INFO TaskSetManager: Finished task 6.0 in stage 6.0 (TID 13) in 1084 ms on 08da040f70a7 (executor driver) (7/8)
26/08/09 15:16:24 INFO TaskSetManager: Finished task 0.0 in stage 6.0 (TID 7) in 1087 ms on 08da040f70a7 (executor driver) (8/8)
26/08/09 15:16:24 INFO TaskSchedulerImpl: Removed TaskSet 6.0, whose tasks have all completed, from pool 
26/08/09 15:16:24 INFO DAGScheduler: ResultStage 6 (append at NativeMethodAccessorImpl.java:0) finished in 1.096 s
26/08/09 15:16:24 INFO DAGScheduler: Job 4 is finished. Cancelling potential speculative or zombie tasks for this job
26/08/09 15:16:24 INFO TaskSchedulerImpl: Killing all running tasks in stage 6: Stage finished
26/08/09 15:16:24 INFO DAGScheduler: Job 4 finished: append at NativeMethodAccessorImpl.java:0, took 1.099921 s
26/08/09 15:16:24 INFO AppendDataExec: Data source write support IcebergBatchWrite(table=local.crop.field_ndvi, format=PARQUET) is committing.
26/08/09 15:16:24 INFO SparkWrite: Committing append with 8 new data files to table local.crop.field_ndvi
26/08/09 15:16:24 INFO HadoopTableOperations: Committed a new metadata file /opt/s2fn/warehouse/crop/field_ndvi/metadata/v9.metadata.json
26/08/09 15:16:24 INFO SnapshotProducer: Committed snapshot 6395648668794816963 (MergeAppend)
26/08/09 15:16:24 INFO LoggingMetricsReporter: Received metrics report: CommitReport{tableName=local.crop.field_ndvi, snapshotId=6395648668794816963, sequenceNumber=9, operation=append, commitMetrics=CommitMetricsResult{totalDuration=TimerResult{timeUnit=NANOSECONDS, totalDuration=PT0.183035726S, count=1}, attempts=CounterResult{unit=COUNT, value=1}, addedDataFiles=CounterResult{unit=COUNT, value=8}, removedDataFiles=null, totalDataFiles=CounterResult{unit=COUNT, value=16}, addedDeleteFiles=null, addedEqualityDeleteFiles=null, addedPositionalDeleteFiles=null, addedDVs=null, removedDeleteFiles=null, removedEqualityDeleteFiles=null, removedPositionalDeleteFiles=null, removedDVs=null, totalDeleteFiles=CounterResult{unit=COUNT, value=0}, addedRecords=CounterResult{unit=COUNT, value=384144}, removedRecords=null, totalRecords=CounterResult{unit=COUNT, value=727266}, addedFilesSizeInBytes=CounterResult{unit=BYTES, value=8151319}, removedFilesSizeInBytes=null, totalFilesSizeInBytes=CounterResult{unit=BYTES, value=15469346}, addedPositionalDeletes=null, removedPositionalDeletes=null, totalPositionalDeletes=CounterResult{unit=COUNT, value=0}, addedEqualityDeletes=null, removedEqualityDeletes=null, totalEqualityDeletes=CounterResult{unit=COUNT, value=0}, manifestsCreated=CounterResult{unit=COUNT, value=1}, manifestsReplaced=CounterResult{unit=COUNT, value=0}, manifestsKept=CounterResult{unit=COUNT, value=8}, manifestEntriesProcessed=null}, metadata={engine-version=3.5.9, app-id=local-1786288577204, engine-name=spark, iceberg-version=Apache Iceberg 1.11.0 (commit 6976e020b894f6a6777704df2b8c4458cb291ae9), app-name=merge}}
26/08/09 15:16:24 INFO SparkWrite: Committed in 206 ms
26/08/09 15:16:24 INFO AppendDataExec: Data source write support IcebergBatchWrite(table=local.crop.field_ndvi, format=PARQUET) committed.
26/08/09 15:16:24 INFO FileSourceStrategy: Pushed Filters: 
26/08/09 15:16:24 INFO FileSourceStrategy: Post-Scan Filters: 
26/08/09 15:16:24 INFO CodeGenerator: Code generated in 10.537844 ms
26/08/09 15:16:24 INFO MemoryStore: Block broadcast_7 stored as values in memory (estimated size 203.6 KiB, free 7.0 GiB)
26/08/09 15:16:24 INFO MemoryStore: Block broadcast_7_piece0 stored as bytes in memory (estimated size 35.4 KiB, free 7.0 GiB)
26/08/09 15:16:24 INFO BlockManagerInfo: Added broadcast_7_piece0 in memory on 08da040f70a7:46535 (size: 35.4 KiB, free: 7.0 GiB)
26/08/09 15:16:24 INFO SparkContext: Created broadcast 7 from count at NativeMethodAccessorImpl.java:0
26/08/09 15:16:24 INFO FileSourceScanExec: Planning scan with bin packing, max size: 4194304 bytes, open cost is considered as scanning 4194304 bytes.
26/08/09 15:16:24 INFO DAGScheduler: Registering RDD 16 (count at NativeMethodAccessorImpl.java:0) as input to shuffle 2
26/08/09 15:16:24 INFO DAGScheduler: Got map stage job 5 (count at NativeMethodAccessorImpl.java:0) with 4 output partitions
26/08/09 15:16:24 INFO DAGScheduler: Final stage: ShuffleMapStage 7 (count at NativeMethodAccessorImpl.java:0)
26/08/09 15:16:24 INFO DAGScheduler: Parents of final stage: List()
26/08/09 15:16:24 INFO DAGScheduler: Missing parents: List()
26/08/09 15:16:24 INFO DAGScheduler: Submitting ShuffleMapStage 7 (MapPartitionsRDD[16] at count at NativeMethodAccessorImpl.java:0), which has no missing parents
26/08/09 15:16:24 INFO MemoryStore: Block broadcast_8 stored as values in memory (estimated size 17.0 KiB, free 7.0 GiB)
26/08/09 15:16:24 INFO MemoryStore: Block broadcast_8_piece0 stored as bytes in memory (estimated size 7.8 KiB, free 7.0 GiB)
26/08/09 15:16:24 INFO BlockManagerInfo: Added broadcast_8_piece0 in memory on 08da040f70a7:46535 (size: 7.8 KiB, free: 7.0 GiB)
26/08/09 15:16:24 INFO SparkContext: Created broadcast 8 from broadcast at DAGScheduler.scala:1611
26/08/09 15:16:24 INFO DAGScheduler: Submitting 4 missing tasks from ShuffleMapStage 7 (MapPartitionsRDD[16] at count at NativeMethodAccessorImpl.java:0) (first 15 tasks are for partitions Vector(0, 1, 2, 3))
26/08/09 15:16:24 INFO TaskSchedulerImpl: Adding task set 7.0 with 4 tasks resource profile 0
26/08/09 15:16:24 INFO TaskSetManager: Starting task 0.0 in stage 7.0 (TID 15) (08da040f70a7, executor driver, partition 0, PROCESS_LOCAL, 9649 bytes) 
26/08/09 15:16:24 INFO TaskSetManager: Starting task 1.0 in stage 7.0 (TID 16) (08da040f70a7, executor driver, partition 1, PROCESS_LOCAL, 9649 bytes) 
26/08/09 15:16:24 INFO TaskSetManager: Starting task 2.0 in stage 7.0 (TID 17) (08da040f70a7, executor driver, partition 2, PROCESS_LOCAL, 9649 bytes) 
26/08/09 15:16:24 INFO TaskSetManager: Starting task 3.0 in stage 7.0 (TID 18) (08da040f70a7, executor driver, partition 3, PROCESS_LOCAL, 9649 bytes) 
26/08/09 15:16:24 INFO Executor: Running task 0.0 in stage 7.0 (TID 15)
26/08/09 15:16:24 INFO Executor: Running task 3.0 in stage 7.0 (TID 18)
26/08/09 15:16:24 INFO Executor: Running task 1.0 in stage 7.0 (TID 16)
26/08/09 15:16:24 INFO Executor: Running task 2.0 in stage 7.0 (TID 17)
26/08/09 15:16:24 INFO BlockManagerInfo: Removed broadcast_4_piece0 on 08da040f70a7:46535 in memory (size: 8.9 KiB, free: 7.0 GiB)
26/08/09 15:16:24 INFO BlockManagerInfo: Removed broadcast_6_piece0 on 08da040f70a7:46535 in memory (size: 5.9 KiB, free: 7.0 GiB)
26/08/09 15:16:24 INFO BlockManagerInfo: Removed broadcast_5_piece0 on 08da040f70a7:46535 in memory (size: 27.0 KiB, free: 7.0 GiB)
26/08/09 15:16:24 INFO CodeGenerator: Code generated in 20.681381 ms
26/08/09 15:16:24 INFO FileScanRDD: Reading File path: file:///opt/s2fn/data/export-b/part-00001-51566bd1-9688-4e47-89ea-45ea42ed2f9c-c000.snappy.parquet, range: 0-4194304, partition values: [empty row]
26/08/09 15:16:24 INFO FileScanRDD: Reading File path: file:///opt/s2fn/data/export-b/part-00000-51566bd1-9688-4e47-89ea-45ea42ed2f9c-c000.snappy.parquet, range: 4194304-5033638, partition values: [empty row]
26/08/09 15:16:24 INFO FileScanRDD: Reading File path: file:///opt/s2fn/data/export-b/part-00001-51566bd1-9688-4e47-89ea-45ea42ed2f9c-c000.snappy.parquet, range: 4194304-4706577, partition values: [empty row]
26/08/09 15:16:24 INFO FileScanRDD: Reading File path: file:///opt/s2fn/data/export-b/part-00000-51566bd1-9688-4e47-89ea-45ea42ed2f9c-c000.snappy.parquet, range: 0-4194304, partition values: [empty row]
26/08/09 15:16:24 INFO Executor: Finished task 3.0 in stage 7.0 (TID 18). 2025 bytes result sent to driver
26/08/09 15:16:24 INFO Executor: Finished task 2.0 in stage 7.0 (TID 17). 2025 bytes result sent to driver
26/08/09 15:16:24 INFO TaskSetManager: Finished task 2.0 in stage 7.0 (TID 17) in 36 ms on 08da040f70a7 (executor driver) (1/4)
26/08/09 15:16:24 INFO TaskSetManager: Finished task 3.0 in stage 7.0 (TID 18) in 35 ms on 08da040f70a7 (executor driver) (2/4)
26/08/09 15:16:24 INFO Executor: Finished task 0.0 in stage 7.0 (TID 15). 2068 bytes result sent to driver
26/08/09 15:16:24 INFO Executor: Finished task 1.0 in stage 7.0 (TID 16). 2068 bytes result sent to driver
26/08/09 15:16:24 INFO TaskSetManager: Finished task 0.0 in stage 7.0 (TID 15) in 39 ms on 08da040f70a7 (executor driver) (3/4)
26/08/09 15:16:24 INFO TaskSetManager: Finished task 1.0 in stage 7.0 (TID 16) in 39 ms on 08da040f70a7 (executor driver) (4/4)
26/08/09 15:16:24 INFO TaskSchedulerImpl: Removed TaskSet 7.0, whose tasks have all completed, from pool 
26/08/09 15:16:24 INFO DAGScheduler: ShuffleMapStage 7 (count at NativeMethodAccessorImpl.java:0) finished in 0.043 s
26/08/09 15:16:24 INFO DAGScheduler: looking for newly runnable stages
26/08/09 15:16:24 INFO DAGScheduler: running: Set()
26/08/09 15:16:24 INFO DAGScheduler: waiting: Set()
26/08/09 15:16:24 INFO DAGScheduler: failed: Set()
26/08/09 15:16:24 INFO SparkContext: Starting job: count at NativeMethodAccessorImpl.java:0
26/08/09 15:16:24 INFO DAGScheduler: Got job 6 (count at NativeMethodAccessorImpl.java:0) with 1 output partitions
26/08/09 15:16:24 INFO DAGScheduler: Final stage: ResultStage 9 (count at NativeMethodAccessorImpl.java:0)
26/08/09 15:16:24 INFO DAGScheduler: Parents of final stage: List(ShuffleMapStage 8)
26/08/09 15:16:24 INFO DAGScheduler: Missing parents: List()
26/08/09 15:16:24 INFO DAGScheduler: Submitting ResultStage 9 (MapPartitionsRDD[19] at count at NativeMethodAccessorImpl.java:0), which has no missing parents
26/08/09 15:16:24 INFO MemoryStore: Block broadcast_9 stored as values in memory (estimated size 12.5 KiB, free 7.0 GiB)
26/08/09 15:16:24 INFO MemoryStore: Block broadcast_9_piece0 stored as bytes in memory (estimated size 5.9 KiB, free 7.0 GiB)
26/08/09 15:16:24 INFO BlockManagerInfo: Added broadcast_9_piece0 in memory on 08da040f70a7:46535 (size: 5.9 KiB, free: 7.0 GiB)
26/08/09 15:16:24 INFO SparkContext: Created broadcast 9 from broadcast at DAGScheduler.scala:1611
26/08/09 15:16:24 INFO DAGScheduler: Submitting 1 missing tasks from ResultStage 9 (MapPartitionsRDD[19] at count at NativeMethodAccessorImpl.java:0) (first 15 tasks are for partitions Vector(0))
26/08/09 15:16:24 INFO TaskSchedulerImpl: Adding task set 9.0 with 1 tasks resource profile 0
26/08/09 15:16:24 INFO TaskSetManager: Starting task 0.0 in stage 9.0 (TID 19) (08da040f70a7, executor driver, partition 0, NODE_LOCAL, 8999 bytes) 
26/08/09 15:16:24 INFO Executor: Running task 0.0 in stage 9.0 (TID 19)
26/08/09 15:16:24 INFO ShuffleBlockFetcherIterator: Getting 4 (240.0 B) non-empty blocks including 4 (240.0 B) local and 0 (0.0 B) host-local and 0 (0.0 B) push-merged-local and 0 (0.0 B) remote blocks
26/08/09 15:16:24 INFO ShuffleBlockFetcherIterator: Started 0 remote fetches in 0 ms
26/08/09 15:16:24 INFO Executor: Finished task 0.0 in stage 9.0 (TID 19). 3808 bytes result sent to driver
26/08/09 15:16:24 INFO TaskSetManager: Finished task 0.0 in stage 9.0 (TID 19) in 7 ms on 08da040f70a7 (executor driver) (1/1)
26/08/09 15:16:24 INFO TaskSchedulerImpl: Removed TaskSet 9.0, whose tasks have all completed, from pool 
26/08/09 15:16:24 INFO DAGScheduler: ResultStage 9 (count at NativeMethodAccessorImpl.java:0) finished in 0.011 s
26/08/09 15:16:24 INFO DAGScheduler: Job 6 is finished. Cancelling potential speculative or zombie tasks for this job
26/08/09 15:16:24 INFO TaskSchedulerImpl: Killing all running tasks in stage 9: Stage finished
26/08/09 15:16:24 INFO DAGScheduler: Job 6 finished: count at NativeMethodAccessorImpl.java:0, took 0.015370 s
APPENDED /opt/s2fn/data/export-b 384144
26/08/09 15:16:24 INFO InMemoryFileIndex: It took 1 ms to list leaf files for 1 paths.
26/08/09 15:16:24 INFO SparkContext: Starting job: parquet at NativeMethodAccessorImpl.java:0
26/08/09 15:16:24 INFO DAGScheduler: Got job 7 (parquet at NativeMethodAccessorImpl.java:0) with 1 output partitions
26/08/09 15:16:24 INFO DAGScheduler: Final stage: ResultStage 10 (parquet at NativeMethodAccessorImpl.java:0)
26/08/09 15:16:24 INFO DAGScheduler: Parents of final stage: List()
26/08/09 15:16:24 INFO DAGScheduler: Missing parents: List()
26/08/09 15:16:24 INFO DAGScheduler: Submitting ResultStage 10 (MapPartitionsRDD[21] at parquet at NativeMethodAccessorImpl.java:0), which has no missing parents
26/08/09 15:16:24 INFO MemoryStore: Block broadcast_10 stored as values in memory (estimated size 104.6 KiB, free 7.0 GiB)
26/08/09 15:16:24 INFO MemoryStore: Block broadcast_10_piece0 stored as bytes in memory (estimated size 37.9 KiB, free 7.0 GiB)
26/08/09 15:16:24 INFO BlockManagerInfo: Added broadcast_10_piece0 in memory on 08da040f70a7:46535 (size: 37.9 KiB, free: 7.0 GiB)
26/08/09 15:16:24 INFO SparkContext: Created broadcast 10 from broadcast at DAGScheduler.scala:1611
26/08/09 15:16:24 INFO DAGScheduler: Submitting 1 missing tasks from ResultStage 10 (MapPartitionsRDD[21] at parquet at NativeMethodAccessorImpl.java:0) (first 15 tasks are for partitions Vector(0))
26/08/09 15:16:24 INFO TaskSchedulerImpl: Adding task set 10.0 with 1 tasks resource profile 0
26/08/09 15:16:24 INFO TaskSetManager: Starting task 0.0 in stage 10.0 (TID 20) (08da040f70a7, executor driver, partition 0, PROCESS_LOCAL, 8988 bytes) 
26/08/09 15:16:24 INFO Executor: Running task 0.0 in stage 10.0 (TID 20)
26/08/09 15:16:24 INFO Executor: Finished task 0.0 in stage 10.0 (TID 20). 1123 bytes result sent to driver
26/08/09 15:16:24 INFO TaskSetManager: Finished task 0.0 in stage 10.0 (TID 20) in 18 ms on 08da040f70a7 (executor driver) (1/1)
26/08/09 15:16:24 INFO TaskSchedulerImpl: Removed TaskSet 10.0, whose tasks have all completed, from pool 
26/08/09 15:16:24 INFO DAGScheduler: ResultStage 10 (parquet at NativeMethodAccessorImpl.java:0) finished in 0.026 s
26/08/09 15:16:24 INFO DAGScheduler: Job 7 is finished. Cancelling potential speculative or zombie tasks for this job
26/08/09 15:16:24 INFO TaskSchedulerImpl: Killing all running tasks in stage 10: Stage finished
26/08/09 15:16:24 INFO DAGScheduler: Job 7 finished: parquet at NativeMethodAccessorImpl.java:0, took 0.029092 s
26/08/09 15:16:24 INFO FileSourceStrategy: Pushed Filters: 
26/08/09 15:16:24 INFO FileSourceStrategy: Post-Scan Filters: 
26/08/09 15:16:24 INFO MemoryStore: Block broadcast_11 stored as values in memory (estimated size 205.0 KiB, free 7.0 GiB)
26/08/09 15:16:24 INFO MemoryStore: Block broadcast_11_piece0 stored as bytes in memory (estimated size 36.0 KiB, free 7.0 GiB)
26/08/09 15:16:24 INFO BlockManagerInfo: Added broadcast_11_piece0 in memory on 08da040f70a7:46535 (size: 36.0 KiB, free: 7.0 GiB)
26/08/09 15:16:24 INFO SparkContext: Created broadcast 11 from append at NativeMethodAccessorImpl.java:0
26/08/09 15:16:24 INFO FileSourceScanExec: Planning scan with bin packing, max size: 4194304 bytes, open cost is considered as scanning 4194304 bytes.
26/08/09 15:16:24 INFO DAGScheduler: Registering RDD 25 (append at NativeMethodAccessorImpl.java:0) as input to shuffle 3
26/08/09 15:16:24 INFO DAGScheduler: Got map stage job 8 (append at NativeMethodAccessorImpl.java:0) with 4 output partitions
26/08/09 15:16:24 INFO DAGScheduler: Final stage: ShuffleMapStage 11 (append at NativeMethodAccessorImpl.java:0)
26/08/09 15:16:24 INFO DAGScheduler: Parents of final stage: List()
26/08/09 15:16:24 INFO DAGScheduler: Missing parents: List()
26/08/09 15:16:24 INFO DAGScheduler: Submitting ShuffleMapStage 11 (MapPartitionsRDD[25] at append at NativeMethodAccessorImpl.java:0), which has no missing parents
26/08/09 15:16:24 INFO MemoryStore: Block broadcast_12 stored as values in memory (estimated size 23.4 KiB, free 7.0 GiB)
26/08/09 15:16:24 INFO MemoryStore: Block broadcast_12_piece0 stored as bytes in memory (estimated size 8.8 KiB, free 7.0 GiB)
26/08/09 15:16:24 INFO BlockManagerInfo: Added broadcast_12_piece0 in memory on 08da040f70a7:46535 (size: 8.8 KiB, free: 7.0 GiB)
26/08/09 15:16:24 INFO SparkContext: Created broadcast 12 from broadcast at DAGScheduler.scala:1611
26/08/09 15:16:24 INFO DAGScheduler: Submitting 4 missing tasks from ShuffleMapStage 11 (MapPartitionsRDD[25] at append at NativeMethodAccessorImpl.java:0) (first 15 tasks are for partitions Vector(0, 1, 2, 3))
26/08/09 15:16:24 INFO TaskSchedulerImpl: Adding task set 11.0 with 4 tasks resource profile 0
26/08/09 15:16:24 INFO TaskSetManager: Starting task 0.0 in stage 11.0 (TID 21) (08da040f70a7, executor driver, partition 0, PROCESS_LOCAL, 9649 bytes) 
26/08/09 15:16:24 INFO TaskSetManager: Starting task 1.0 in stage 11.0 (TID 22) (08da040f70a7, executor driver, partition 1, PROCESS_LOCAL, 9649 bytes) 
26/08/09 15:16:24 INFO TaskSetManager: Starting task 2.0 in stage 11.0 (TID 23) (08da040f70a7, executor driver, partition 2, PROCESS_LOCAL, 9649 bytes) 
26/08/09 15:16:24 INFO TaskSetManager: Starting task 3.0 in stage 11.0 (TID 24) (08da040f70a7, executor driver, partition 3, PROCESS_LOCAL, 9649 bytes) 
26/08/09 15:16:24 INFO Executor: Running task 2.0 in stage 11.0 (TID 23)
26/08/09 15:16:24 INFO Executor: Running task 1.0 in stage 11.0 (TID 22)
26/08/09 15:16:24 INFO Executor: Running task 0.0 in stage 11.0 (TID 21)
26/08/09 15:16:24 INFO Executor: Running task 3.0 in stage 11.0 (TID 24)
26/08/09 15:16:24 INFO FileScanRDD: Reading File path: file:///opt/s2fn/data/export-c/part-00003-bbf525fa-2ff2-414e-9f70-7d6b07ef53fc-c000.snappy.parquet, range: 0-3157313, partition values: [empty row]
26/08/09 15:16:24 INFO FileScanRDD: Reading File path: file:///opt/s2fn/data/export-c/part-00001-bbf525fa-2ff2-414e-9f70-7d6b07ef53fc-c000.snappy.parquet, range: 0-3618563, partition values: [empty row]
26/08/09 15:16:24 INFO FileScanRDD: Reading File path: file:///opt/s2fn/data/export-c/part-00002-bbf525fa-2ff2-414e-9f70-7d6b07ef53fc-c000.snappy.parquet, range: 0-3753992, partition values: [empty row]
26/08/09 15:16:24 INFO FileScanRDD: Reading File path: file:///opt/s2fn/data/export-c/part-00000-bbf525fa-2ff2-414e-9f70-7d6b07ef53fc-c000.snappy.parquet, range: 0-3438641, partition values: [empty row]
26/08/09 15:16:24 INFO CodecPool: Got brand-new decompressor [.snappy]
26/08/09 15:16:24 INFO CodecPool: Got brand-new decompressor [.snappy]
26/08/09 15:16:24 INFO BlockManagerInfo: Removed broadcast_10_piece0 on 08da040f70a7:46535 in memory (size: 37.9 KiB, free: 7.0 GiB)
26/08/09 15:16:24 INFO BlockManagerInfo: Removed broadcast_8_piece0 on 08da040f70a7:46535 in memory (size: 7.8 KiB, free: 7.0 GiB)
26/08/09 15:16:24 INFO BlockManagerInfo: Removed broadcast_7_piece0 on 08da040f70a7:46535 in memory (size: 35.4 KiB, free: 7.0 GiB)
26/08/09 15:16:24 INFO BlockManagerInfo: Removed broadcast_9_piece0 on 08da040f70a7:46535 in memory (size: 5.9 KiB, free: 7.0 GiB)
26/08/09 15:16:24 INFO Executor: Finished task 3.0 in stage 11.0 (TID 24). 2001 bytes result sent to driver
26/08/09 15:16:24 INFO TaskSetManager: Finished task 3.0 in stage 11.0 (TID 24) in 187 ms on 08da040f70a7 (executor driver) (1/4)
26/08/09 15:16:24 INFO Executor: Finished task 2.0 in stage 11.0 (TID 23). 2001 bytes result sent to driver
26/08/09 15:16:24 INFO TaskSetManager: Finished task 2.0 in stage 11.0 (TID 23) in 194 ms on 08da040f70a7 (executor driver) (2/4)
26/08/09 15:16:24 INFO Executor: Finished task 1.0 in stage 11.0 (TID 22). 2001 bytes result sent to driver
26/08/09 15:16:24 INFO TaskSetManager: Finished task 1.0 in stage 11.0 (TID 22) in 200 ms on 08da040f70a7 (executor driver) (3/4)
26/08/09 15:16:24 INFO Executor: Finished task 0.0 in stage 11.0 (TID 21). 2001 bytes result sent to driver
26/08/09 15:16:24 INFO TaskSetManager: Finished task 0.0 in stage 11.0 (TID 21) in 204 ms on 08da040f70a7 (executor driver) (4/4)
26/08/09 15:16:24 INFO TaskSchedulerImpl: Removed TaskSet 11.0, whose tasks have all completed, from pool 
26/08/09 15:16:24 INFO DAGScheduler: ShuffleMapStage 11 (append at NativeMethodAccessorImpl.java:0) finished in 0.208 s
26/08/09 15:16:24 INFO DAGScheduler: looking for newly runnable stages
26/08/09 15:16:24 INFO DAGScheduler: running: Set()
26/08/09 15:16:24 INFO DAGScheduler: waiting: Set()
26/08/09 15:16:24 INFO DAGScheduler: failed: Set()
26/08/09 15:16:24 INFO ShufflePartitionsUtil: For shuffle(3), advisory target size: 402653184, actual target size 1231092, minimum partition size: 1048576
26/08/09 15:16:24 INFO MemoryStore: Block broadcast_13 stored as values in memory (estimated size 32.0 KiB, free 7.0 GiB)
26/08/09 15:16:24 INFO MemoryStore: Block broadcast_13_piece0 stored as bytes in memory (estimated size 27.0 KiB, free 7.0 GiB)
26/08/09 15:16:24 INFO BlockManagerInfo: Added broadcast_13_piece0 in memory on 08da040f70a7:46535 (size: 27.0 KiB, free: 7.0 GiB)
26/08/09 15:16:24 INFO SparkContext: Created broadcast 13 from broadcast at SparkWrite.java:195
26/08/09 15:16:24 INFO AppendDataExec: Start processing data source write support: IcebergBatchWrite(table=local.crop.field_ndvi, format=PARQUET). The input RDD has 12 partitions.
26/08/09 15:16:24 INFO SparkContext: Starting job: append at NativeMethodAccessorImpl.java:0
26/08/09 15:16:24 INFO DAGScheduler: Got job 9 (append at NativeMethodAccessorImpl.java:0) with 12 output partitions
26/08/09 15:16:24 INFO DAGScheduler: Final stage: ResultStage 13 (append at NativeMethodAccessorImpl.java:0)
26/08/09 15:16:24 INFO DAGScheduler: Parents of final stage: List(ShuffleMapStage 12)
26/08/09 15:16:24 INFO DAGScheduler: Missing parents: List()
26/08/09 15:16:24 INFO DAGScheduler: Submitting ResultStage 13 (ShuffledRowRDD[26] at append at NativeMethodAccessorImpl.java:0), which has no missing parents
26/08/09 15:16:24 INFO MemoryStore: Block broadcast_14 stored as values in memory (estimated size 11.2 KiB, free 7.0 GiB)
26/08/09 15:16:24 INFO MemoryStore: Block broadcast_14_piece0 stored as bytes in memory (estimated size 6.0 KiB, free 7.0 GiB)
26/08/09 15:16:24 INFO BlockManagerInfo: Added broadcast_14_piece0 in memory on 08da040f70a7:46535 (size: 6.0 KiB, free: 7.0 GiB)
26/08/09 15:16:24 INFO SparkContext: Created broadcast 14 from broadcast at DAGScheduler.scala:1611
26/08/09 15:16:24 INFO DAGScheduler: Submitting 12 missing tasks from ResultStage 13 (ShuffledRowRDD[26] at append at NativeMethodAccessorImpl.java:0) (first 15 tasks are for partitions Vector(0, 1, 2, 3, 4, 5, 6, 7, 8, 9, 10, 11))
26/08/09 15:16:24 INFO TaskSchedulerImpl: Adding task set 13.0 with 12 tasks resource profile 0
26/08/09 15:16:24 INFO TaskSetManager: Starting task 0.0 in stage 13.0 (TID 25) (08da040f70a7, executor driver, partition 0, NODE_LOCAL, 8999 bytes) 
26/08/09 15:16:24 INFO TaskSetManager: Starting task 1.0 in stage 13.0 (TID 26) (08da040f70a7, executor driver, partition 1, NODE_LOCAL, 8999 bytes) 
26/08/09 15:16:24 INFO TaskSetManager: Starting task 2.0 in stage 13.0 (TID 27) (08da040f70a7, executor driver, partition 2, NODE_LOCAL, 8999 bytes) 
26/08/09 15:16:24 INFO TaskSetManager: Starting task 3.0 in stage 13.0 (TID 28) (08da040f70a7, executor driver, partition 3, NODE_LOCAL, 8999 bytes) 
26/08/09 15:16:24 INFO TaskSetManager: Starting task 4.0 in stage 13.0 (TID 29) (08da040f70a7, executor driver, partition 4, NODE_LOCAL, 8999 bytes) 
26/08/09 15:16:24 INFO TaskSetManager: Starting task 5.0 in stage 13.0 (TID 30) (08da040f70a7, executor driver, partition 5, NODE_LOCAL, 8999 bytes) 
26/08/09 15:16:24 INFO TaskSetManager: Starting task 6.0 in stage 13.0 (TID 31) (08da040f70a7, executor driver, partition 6, NODE_LOCAL, 8999 bytes) 
26/08/09 15:16:24 INFO TaskSetManager: Starting task 7.0 in stage 13.0 (TID 32) (08da040f70a7, executor driver, partition 7, NODE_LOCAL, 8999 bytes) 
26/08/09 15:16:24 INFO TaskSetManager: Starting task 8.0 in stage 13.0 (TID 33) (08da040f70a7, executor driver, partition 8, NODE_LOCAL, 8999 bytes) 
26/08/09 15:16:24 INFO TaskSetManager: Starting task 9.0 in stage 13.0 (TID 34) (08da040f70a7, executor driver, partition 9, NODE_LOCAL, 8999 bytes) 
26/08/09 15:16:24 INFO TaskSetManager: Starting task 10.0 in stage 13.0 (TID 35) (08da040f70a7, executor driver, partition 10, NODE_LOCAL, 8999 bytes) 
26/08/09 15:16:24 INFO TaskSetManager: Starting task 11.0 in stage 13.0 (TID 36) (08da040f70a7, executor driver, partition 11, NODE_LOCAL, 8999 bytes) 
26/08/09 15:16:24 INFO Executor: Running task 0.0 in stage 13.0 (TID 25)
26/08/09 15:16:24 INFO Executor: Running task 1.0 in stage 13.0 (TID 26)
26/08/09 15:16:24 INFO Executor: Running task 2.0 in stage 13.0 (TID 27)
26/08/09 15:16:24 INFO Executor: Running task 4.0 in stage 13.0 (TID 29)
26/08/09 15:16:24 INFO Executor: Running task 5.0 in stage 13.0 (TID 30)
26/08/09 15:16:24 INFO Executor: Running task 3.0 in stage 13.0 (TID 28)
26/08/09 15:16:24 INFO Executor: Running task 6.0 in stage 13.0 (TID 31)
26/08/09 15:16:24 INFO Executor: Running task 7.0 in stage 13.0 (TID 32)
26/08/09 15:16:24 INFO Executor: Running task 8.0 in stage 13.0 (TID 33)
26/08/09 15:16:24 INFO Executor: Running task 9.0 in stage 13.0 (TID 34)
26/08/09 15:16:24 INFO Executor: Running task 10.0 in stage 13.0 (TID 35)
26/08/09 15:16:24 INFO Executor: Running task 11.0 in stage 13.0 (TID 36)
26/08/09 15:16:24 INFO ShuffleBlockFetcherIterator: Getting 1 (1436.2 KiB) non-empty blocks including 1 (1436.2 KiB) local and 0 (0.0 B) host-local and 0 (0.0 B) push-merged-local and 0 (0.0 B) remote blocks
26/08/09 15:16:24 INFO ShuffleBlockFetcherIterator: Getting 2 (2.6 MiB) non-empty blocks including 2 (2.6 MiB) local and 0 (0.0 B) host-local and 0 (0.0 B) push-merged-local and 0 (0.0 B) remote blocks
26/08/09 15:16:24 INFO ShuffleBlockFetcherIterator: Getting 1 (1186.9 KiB) non-empty blocks including 1 (1186.9 KiB) local and 0 (0.0 B) host-local and 0 (0.0 B) push-merged-local and 0 (0.0 B) remote blocks
26/08/09 15:16:24 INFO ShuffleBlockFetcherIterator: Getting 1 (1079.0 KiB) non-empty blocks including 1 (1079.0 KiB) local and 0 (0.0 B) host-local and 0 (0.0 B) push-merged-local and 0 (0.0 B) remote blocks
26/08/09 15:16:24 INFO ShuffleBlockFetcherIterator: Getting 1 (1436.2 KiB) non-empty blocks including 1 (1436.2 KiB) local and 0 (0.0 B) host-local and 0 (0.0 B) push-merged-local and 0 (0.0 B) remote blocks
26/08/09 15:16:24 INFO ShuffleBlockFetcherIterator: Started 0 remote fetches in 0 ms
26/08/09 15:16:24 INFO ShuffleBlockFetcherIterator: Started 0 remote fetches in 0 ms
26/08/09 15:16:24 INFO ShuffleBlockFetcherIterator: Started 0 remote fetches in 0 ms
26/08/09 15:16:24 INFO ShuffleBlockFetcherIterator: Started 0 remote fetches in 0 ms
26/08/09 15:16:24 INFO ShuffleBlockFetcherIterator: Started 0 remote fetches in 0 ms
26/08/09 15:16:24 INFO ShuffleBlockFetcherIterator: Getting 1 (1436.2 KiB) non-empty blocks including 1 (1436.2 KiB) local and 0 (0.0 B) host-local and 0 (0.0 B) push-merged-local and 0 (0.0 B) remote blocks
26/08/09 15:16:24 INFO ShuffleBlockFetcherIterator: Started 0 remote fetches in 0 ms
26/08/09 15:16:24 INFO ShuffleBlockFetcherIterator: Getting 1 (1186.9 KiB) non-empty blocks including 1 (1186.9 KiB) local and 0 (0.0 B) host-local and 0 (0.0 B) push-merged-local and 0 (0.0 B) remote blocks
26/08/09 15:16:24 INFO ShuffleBlockFetcherIterator: Started 0 remote fetches in 0 ms
26/08/09 15:16:24 INFO ShuffleBlockFetcherIterator: Getting 1 (1436.2 KiB) non-empty blocks including 1 (1436.2 KiB) local and 0 (0.0 B) host-local and 0 (0.0 B) push-merged-local and 0 (0.0 B) remote blocks
26/08/09 15:16:24 INFO ShuffleBlockFetcherIterator: Getting 2 (2.3 MiB) non-empty blocks including 2 (2.3 MiB) local and 0 (0.0 B) host-local and 0 (0.0 B) push-merged-local and 0 (0.0 B) remote blocks
26/08/09 15:16:24 INFO ShuffleBlockFetcherIterator: Started 0 remote fetches in 0 ms
26/08/09 15:16:24 INFO ShuffleBlockFetcherIterator: Getting 1 (1436.2 KiB) non-empty blocks including 1 (1436.2 KiB) local and 0 (0.0 B) host-local and 0 (0.0 B) push-merged-local and 0 (0.0 B) remote blocks
26/08/09 15:16:24 INFO ShuffleBlockFetcherIterator: Started 0 remote fetches in 0 ms
26/08/09 15:16:24 INFO ShuffleBlockFetcherIterator: Started 0 remote fetches in 3 ms
26/08/09 15:16:24 INFO ShuffleBlockFetcherIterator: Getting 2 (2.1 MiB) non-empty blocks including 2 (2.1 MiB) local and 0 (0.0 B) host-local and 0 (0.0 B) push-merged-local and 0 (0.0 B) remote blocks
26/08/09 15:16:24 INFO ShuffleBlockFetcherIterator: Started 0 remote fetches in 1 ms
26/08/09 15:16:24 INFO CodecPool: Got brand-new compressor [.zstd]
26/08/09 15:16:24 INFO ShuffleBlockFetcherIterator: Getting 1 (1436.2 KiB) non-empty blocks including 1 (1436.2 KiB) local and 0 (0.0 B) host-local and 0 (0.0 B) push-merged-local and 0 (0.0 B) remote blocks
26/08/09 15:16:24 INFO ShuffleBlockFetcherIterator: Started 0 remote fetches in 0 ms
26/08/09 15:16:24 INFO CodecPool: Got brand-new compressor [.zstd]
26/08/09 15:16:24 INFO CodecPool: Got brand-new compressor [.zstd]
26/08/09 15:16:24 INFO CodecPool: Got brand-new compressor [.zstd]
26/08/09 15:16:24 INFO CodecPool: Got brand-new compressor [.zstd]
26/08/09 15:16:24 INFO CodecPool: Got brand-new compressor [.zstd]
26/08/09 15:16:24 INFO CodecPool: Got brand-new compressor [.zstd]
26/08/09 15:16:24 INFO CodecPool: Got brand-new compressor [.zstd]
26/08/09 15:16:24 INFO CodecPool: Got brand-new compressor [.zstd]
26/08/09 15:16:24 INFO CodecPool: Got brand-new compressor [.zstd]
26/08/09 15:16:24 INFO CodecPool: Got brand-new compressor [.zstd]
26/08/09 15:16:24 INFO CodecPool: Got brand-new compressor [.zstd]
26/08/09 15:16:24 INFO CodecPool: Got brand-new compressor [.zstd]
26/08/09 15:16:25 INFO DataWritingSparkTask: Writer for partition 4 is committing.
26/08/09 15:16:25 INFO DataWritingSparkTask: Writer for partition 6 is committing.
26/08/09 15:16:25 INFO CodecPool: Got brand-new compressor [.zstd]
26/08/09 15:16:25 INFO DataWritingSparkTask: Writer for partition 3 is committing.
26/08/09 15:16:25 INFO DataWritingSparkTask: Writer for partition 0 is committing.
26/08/09 15:16:25 INFO DataWritingSparkTask: Writer for partition 5 is committing.
26/08/09 15:16:25 INFO DataWritingSparkTask: Writer for partition 11 is committing.
26/08/09 15:16:25 INFO DataWritingSparkTask: Writer for partition 7 is committing.
26/08/09 15:16:25 INFO DataWritingSparkTask: Writer for partition 10 is committing.
26/08/09 15:16:25 INFO DataWritingSparkTask: Writer for partition 1 is committing.
26/08/09 15:16:25 INFO DataWritingSparkTask: Committed partition 4 (task 29, attempt 0, stage 13.0)
26/08/09 15:16:25 INFO DataWritingSparkTask: Committed partition 6 (task 31, attempt 0, stage 13.0)
26/08/09 15:16:25 INFO Executor: Finished task 4.0 in stage 13.0 (TID 29). 6200 bytes result sent to driver
26/08/09 15:16:25 INFO DataWritingSparkTask: Committed partition 0 (task 25, attempt 0, stage 13.0)
26/08/09 15:16:25 INFO TaskSetManager: Finished task 4.0 in stage 13.0 (TID 29) in 219 ms on 08da040f70a7 (executor driver) (1/12)
26/08/09 15:16:25 INFO Executor: Finished task 6.0 in stage 13.0 (TID 31). 6200 bytes result sent to driver
26/08/09 15:16:25 INFO CodecPool: Got brand-new compressor [.zstd]
26/08/09 15:16:25 INFO Executor: Finished task 0.0 in stage 13.0 (TID 25). 6200 bytes result sent to driver
26/08/09 15:16:25 INFO DataWritingSparkTask: Committed partition 5 (task 30, attempt 0, stage 13.0)
26/08/09 15:16:25 INFO TaskSetManager: Finished task 6.0 in stage 13.0 (TID 31) in 222 ms on 08da040f70a7 (executor driver) (2/12)
26/08/09 15:16:25 INFO Executor: Finished task 5.0 in stage 13.0 (TID 30). 6243 bytes result sent to driver
26/08/09 15:16:25 INFO TaskSetManager: Finished task 0.0 in stage 13.0 (TID 25) in 227 ms on 08da040f70a7 (executor driver) (3/12)
26/08/09 15:16:25 INFO TaskSetManager: Finished task 5.0 in stage 13.0 (TID 30) in 227 ms on 08da040f70a7 (executor driver) (4/12)
26/08/09 15:16:25 INFO DataWritingSparkTask: Committed partition 11 (task 36, attempt 0, stage 13.0)
26/08/09 15:16:25 INFO DataWritingSparkTask: Committed partition 10 (task 35, attempt 0, stage 13.0)
26/08/09 15:16:25 INFO Executor: Finished task 11.0 in stage 13.0 (TID 36). 6200 bytes result sent to driver
26/08/09 15:16:25 INFO DataWritingSparkTask: Committed partition 3 (task 28, attempt 0, stage 13.0)
26/08/09 15:16:25 INFO Executor: Finished task 10.0 in stage 13.0 (TID 35). 6200 bytes result sent to driver
26/08/09 15:16:25 INFO Executor: Finished task 3.0 in stage 13.0 (TID 28). 6200 bytes result sent to driver
26/08/09 15:16:25 INFO TaskSetManager: Finished task 11.0 in stage 13.0 (TID 36) in 234 ms on 08da040f70a7 (executor driver) (5/12)
26/08/09 15:16:25 INFO TaskSetManager: Finished task 10.0 in stage 13.0 (TID 35) in 234 ms on 08da040f70a7 (executor driver) (6/12)
26/08/09 15:16:25 INFO TaskSetManager: Finished task 3.0 in stage 13.0 (TID 28) in 237 ms on 08da040f70a7 (executor driver) (7/12)
26/08/09 15:16:25 INFO DataWritingSparkTask: Committed partition 1 (task 26, attempt 0, stage 13.0)
26/08/09 15:16:25 INFO DataWritingSparkTask: Committed partition 7 (task 32, attempt 0, stage 13.0)
26/08/09 15:16:25 INFO Executor: Finished task 7.0 in stage 13.0 (TID 32). 6200 bytes result sent to driver
26/08/09 15:16:25 INFO Executor: Finished task 1.0 in stage 13.0 (TID 26). 6200 bytes result sent to driver
26/08/09 15:16:25 INFO TaskSetManager: Finished task 7.0 in stage 13.0 (TID 32) in 244 ms on 08da040f70a7 (executor driver) (8/12)
26/08/09 15:16:25 INFO TaskSetManager: Finished task 1.0 in stage 13.0 (TID 26) in 246 ms on 08da040f70a7 (executor driver) (9/12)
26/08/09 15:16:25 INFO DataWritingSparkTask: Writer for partition 2 is committing.
26/08/09 15:16:25 INFO DataWritingSparkTask: Writer for partition 8 is committing.
26/08/09 15:16:25 INFO DataWritingSparkTask: Committed partition 2 (task 27, attempt 0, stage 13.0)
26/08/09 15:16:25 INFO Executor: Finished task 2.0 in stage 13.0 (TID 27). 8380 bytes result sent to driver
26/08/09 15:16:25 INFO TaskSetManager: Finished task 2.0 in stage 13.0 (TID 27) in 286 ms on 08da040f70a7 (executor driver) (10/12)
26/08/09 15:16:25 INFO DataWritingSparkTask: Committed partition 8 (task 33, attempt 0, stage 13.0)
26/08/09 15:16:25 INFO Executor: Finished task 8.0 in stage 13.0 (TID 33). 8380 bytes result sent to driver
26/08/09 15:16:25 INFO TaskSetManager: Finished task 8.0 in stage 13.0 (TID 33) in 289 ms on 08da040f70a7 (executor driver) (11/12)
26/08/09 15:16:25 INFO DataWritingSparkTask: Writer for partition 9 is committing.
26/08/09 15:16:25 INFO DataWritingSparkTask: Committed partition 9 (task 34, attempt 0, stage 13.0)
26/08/09 15:16:25 INFO Executor: Finished task 9.0 in stage 13.0 (TID 34). 8380 bytes result sent to driver
26/08/09 15:16:25 INFO TaskSetManager: Finished task 9.0 in stage 13.0 (TID 34) in 318 ms on 08da040f70a7 (executor driver) (12/12)
26/08/09 15:16:25 INFO TaskSchedulerImpl: Removed TaskSet 13.0, whose tasks have all completed, from pool 
26/08/09 15:16:25 INFO DAGScheduler: ResultStage 13 (append at NativeMethodAccessorImpl.java:0) finished in 0.325 s
26/08/09 15:16:25 INFO DAGScheduler: Job 9 is finished. Cancelling potential speculative or zombie tasks for this job
26/08/09 15:16:25 INFO TaskSchedulerImpl: Killing all running tasks in stage 13: Stage finished
26/08/09 15:16:25 INFO DAGScheduler: Job 9 finished: append at NativeMethodAccessorImpl.java:0, took 0.328014 s
26/08/09 15:16:25 INFO AppendDataExec: Data source write support IcebergBatchWrite(table=local.crop.field_ndvi, format=PARQUET) is committing.
26/08/09 15:16:25 INFO SparkWrite: Committing append with 15 new data files to table local.crop.field_ndvi
26/08/09 15:16:25 INFO HadoopTableOperations: Committed a new metadata file /opt/s2fn/warehouse/crop/field_ndvi/metadata/v10.metadata.json
26/08/09 15:16:25 INFO SnapshotProducer: Committed snapshot 3191670185157784904 (MergeAppend)
26/08/09 15:16:25 INFO LoggingMetricsReporter: Received metrics report: CommitReport{tableName=local.crop.field_ndvi, snapshotId=3191670185157784904, sequenceNumber=10, operation=append, commitMetrics=CommitMetricsResult{totalDuration=TimerResult{timeUnit=NANOSECONDS, totalDuration=PT0.075805854S, count=1}, attempts=CounterResult{unit=COUNT, value=1}, addedDataFiles=CounterResult{unit=COUNT, value=15}, removedDataFiles=null, totalDataFiles=CounterResult{unit=COUNT, value=31}, addedDeleteFiles=null, addedEqualityDeleteFiles=null, addedPositionalDeleteFiles=null, addedDVs=null, removedDeleteFiles=null, removedEqualityDeleteFiles=null, removedPositionalDeleteFiles=null, removedDVs=null, totalDeleteFiles=CounterResult{unit=COUNT, value=0}, addedRecords=CounterResult{unit=COUNT, value=545062}, removedRecords=null, totalRecords=CounterResult{unit=COUNT, value=1272328}, addedFilesSizeInBytes=CounterResult{unit=BYTES, value=11843026}, removedFilesSizeInBytes=null, totalFilesSizeInBytes=CounterResult{unit=BYTES, value=27312372}, addedPositionalDeletes=null, removedPositionalDeletes=null, totalPositionalDeletes=CounterResult{unit=COUNT, value=0}, addedEqualityDeletes=null, removedEqualityDeletes=null, totalEqualityDeletes=CounterResult{unit=COUNT, value=0}, manifestsCreated=CounterResult{unit=COUNT, value=1}, manifestsReplaced=CounterResult{unit=COUNT, value=0}, manifestsKept=CounterResult{unit=COUNT, value=9}, manifestEntriesProcessed=null}, metadata={engine-version=3.5.9, app-id=local-1786288577204, engine-name=spark, iceberg-version=Apache Iceberg 1.11.0 (commit 6976e020b894f6a6777704df2b8c4458cb291ae9), app-name=merge}}
26/08/09 15:16:25 INFO SparkWrite: Committed in 76 ms
26/08/09 15:16:25 INFO AppendDataExec: Data source write support IcebergBatchWrite(table=local.crop.field_ndvi, format=PARQUET) committed.
26/08/09 15:16:25 INFO FileSourceStrategy: Pushed Filters: 
26/08/09 15:16:25 INFO FileSourceStrategy: Post-Scan Filters: 
26/08/09 15:16:25 INFO MemoryStore: Block broadcast_15 stored as values in memory (estimated size 203.6 KiB, free 7.0 GiB)
26/08/09 15:16:25 INFO MemoryStore: Block broadcast_15_piece0 stored as bytes in memory (estimated size 35.4 KiB, free 7.0 GiB)
26/08/09 15:16:25 INFO BlockManagerInfo: Added broadcast_15_piece0 in memory on 08da040f70a7:46535 (size: 35.4 KiB, free: 7.0 GiB)
26/08/09 15:16:25 INFO SparkContext: Created broadcast 15 from count at NativeMethodAccessorImpl.java:0
26/08/09 15:16:25 INFO FileSourceScanExec: Planning scan with bin packing, max size: 4194304 bytes, open cost is considered as scanning 4194304 bytes.
26/08/09 15:16:25 INFO DAGScheduler: Registering RDD 30 (count at NativeMethodAccessorImpl.java:0) as input to shuffle 4
26/08/09 15:16:25 INFO DAGScheduler: Got map stage job 10 (count at NativeMethodAccessorImpl.java:0) with 4 output partitions
26/08/09 15:16:25 INFO DAGScheduler: Final stage: ShuffleMapStage 14 (count at NativeMethodAccessorImpl.java:0)
26/08/09 15:16:25 INFO DAGScheduler: Parents of final stage: List()
26/08/09 15:16:25 INFO DAGScheduler: Missing parents: List()
26/08/09 15:16:25 INFO DAGScheduler: Submitting ShuffleMapStage 14 (MapPartitionsRDD[30] at count at NativeMethodAccessorImpl.java:0), which has no missing parents
26/08/09 15:16:25 INFO MemoryStore: Block broadcast_16 stored as values in memory (estimated size 17.0 KiB, free 7.0 GiB)
26/08/09 15:16:25 INFO MemoryStore: Block broadcast_16_piece0 stored as bytes in memory (estimated size 7.8 KiB, free 7.0 GiB)
26/08/09 15:16:25 INFO BlockManagerInfo: Added broadcast_16_piece0 in memory on 08da040f70a7:46535 (size: 7.8 KiB, free: 7.0 GiB)
26/08/09 15:16:25 INFO SparkContext: Created broadcast 16 from broadcast at DAGScheduler.scala:1611
26/08/09 15:16:25 INFO DAGScheduler: Submitting 4 missing tasks from ShuffleMapStage 14 (MapPartitionsRDD[30] at count at NativeMethodAccessorImpl.java:0) (first 15 tasks are for partitions Vector(0, 1, 2, 3))
26/08/09 15:16:25 INFO TaskSchedulerImpl: Adding task set 14.0 with 4 tasks resource profile 0
26/08/09 15:16:25 INFO TaskSetManager: Starting task 0.0 in stage 14.0 (TID 37) (08da040f70a7, executor driver, partition 0, PROCESS_LOCAL, 9649 bytes) 
26/08/09 15:16:25 INFO TaskSetManager: Starting task 1.0 in stage 14.0 (TID 38) (08da040f70a7, executor driver, partition 1, PROCESS_LOCAL, 9649 bytes) 
26/08/09 15:16:25 INFO TaskSetManager: Starting task 2.0 in stage 14.0 (TID 39) (08da040f70a7, executor driver, partition 2, PROCESS_LOCAL, 9649 bytes) 
26/08/09 15:16:25 INFO TaskSetManager: Starting task 3.0 in stage 14.0 (TID 40) (08da040f70a7, executor driver, partition 3, PROCESS_LOCAL, 9649 bytes) 
26/08/09 15:16:25 INFO Executor: Running task 1.0 in stage 14.0 (TID 38)
26/08/09 15:16:25 INFO Executor: Running task 0.0 in stage 14.0 (TID 37)
26/08/09 15:16:25 INFO Executor: Running task 2.0 in stage 14.0 (TID 39)
26/08/09 15:16:25 INFO Executor: Running task 3.0 in stage 14.0 (TID 40)
26/08/09 15:16:25 INFO FileScanRDD: Reading File path: file:///opt/s2fn/data/export-c/part-00002-bbf525fa-2ff2-414e-9f70-7d6b07ef53fc-c000.snappy.parquet, range: 0-3753992, partition values: [empty row]
26/08/09 15:16:25 INFO FileScanRDD: Reading File path: file:///opt/s2fn/data/export-c/part-00001-bbf525fa-2ff2-414e-9f70-7d6b07ef53fc-c000.snappy.parquet, range: 0-3618563, partition values: [empty row]
26/08/09 15:16:25 INFO FileScanRDD: Reading File path: file:///opt/s2fn/data/export-c/part-00000-bbf525fa-2ff2-414e-9f70-7d6b07ef53fc-c000.snappy.parquet, range: 0-3438641, partition values: [empty row]
26/08/09 15:16:25 INFO FileScanRDD: Reading File path: file:///opt/s2fn/data/export-c/part-00003-bbf525fa-2ff2-414e-9f70-7d6b07ef53fc-c000.snappy.parquet, range: 0-3157313, partition values: [empty row]
26/08/09 15:16:25 INFO Executor: Finished task 1.0 in stage 14.0 (TID 38). 2068 bytes result sent to driver
26/08/09 15:16:25 INFO Executor: Finished task 0.0 in stage 14.0 (TID 37). 2068 bytes result sent to driver
26/08/09 15:16:25 INFO Executor: Finished task 2.0 in stage 14.0 (TID 39). 2068 bytes result sent to driver
26/08/09 15:16:25 INFO TaskSetManager: Finished task 1.0 in stage 14.0 (TID 38) in 12 ms on 08da040f70a7 (executor driver) (1/4)
26/08/09 15:16:25 INFO TaskSetManager: Finished task 0.0 in stage 14.0 (TID 37) in 12 ms on 08da040f70a7 (executor driver) (2/4)
26/08/09 15:16:25 INFO TaskSetManager: Finished task 2.0 in stage 14.0 (TID 39) in 12 ms on 08da040f70a7 (executor driver) (3/4)
26/08/09 15:16:25 INFO Executor: Finished task 3.0 in stage 14.0 (TID 40). 2068 bytes result sent to driver
26/08/09 15:16:25 INFO TaskSetManager: Finished task 3.0 in stage 14.0 (TID 40) in 13 ms on 08da040f70a7 (executor driver) (4/4)
26/08/09 15:16:25 INFO TaskSchedulerImpl: Removed TaskSet 14.0, whose tasks have all completed, from pool 
26/08/09 15:16:25 INFO DAGScheduler: ShuffleMapStage 14 (count at NativeMethodAccessorImpl.java:0) finished in 0.017 s
26/08/09 15:16:25 INFO DAGScheduler: looking for newly runnable stages
26/08/09 15:16:25 INFO DAGScheduler: running: Set()
26/08/09 15:16:25 INFO DAGScheduler: waiting: Set()
26/08/09 15:16:25 INFO DAGScheduler: failed: Set()
26/08/09 15:16:25 INFO SparkContext: Starting job: count at NativeMethodAccessorImpl.java:0
26/08/09 15:16:25 INFO DAGScheduler: Got job 11 (count at NativeMethodAccessorImpl.java:0) with 1 output partitions
26/08/09 15:16:25 INFO DAGScheduler: Final stage: ResultStage 16 (count at NativeMethodAccessorImpl.java:0)
26/08/09 15:16:25 INFO DAGScheduler: Parents of final stage: List(ShuffleMapStage 15)
26/08/09 15:16:25 INFO DAGScheduler: Missing parents: List()
26/08/09 15:16:25 INFO DAGScheduler: Submitting ResultStage 16 (MapPartitionsRDD[33] at count at NativeMethodAccessorImpl.java:0), which has no missing parents
26/08/09 15:16:25 INFO MemoryStore: Block broadcast_17 stored as values in memory (estimated size 12.5 KiB, free 7.0 GiB)
26/08/09 15:16:25 INFO MemoryStore: Block broadcast_17_piece0 stored as bytes in memory (estimated size 5.9 KiB, free 7.0 GiB)
26/08/09 15:16:25 INFO BlockManagerInfo: Added broadcast_17_piece0 in memory on 08da040f70a7:46535 (size: 5.9 KiB, free: 7.0 GiB)
26/08/09 15:16:25 INFO SparkContext: Created broadcast 17 from broadcast at DAGScheduler.scala:1611
26/08/09 15:16:25 INFO DAGScheduler: Submitting 1 missing tasks from ResultStage 16 (MapPartitionsRDD[33] at count at NativeMethodAccessorImpl.java:0) (first 15 tasks are for partitions Vector(0))
26/08/09 15:16:25 INFO TaskSchedulerImpl: Adding task set 16.0 with 1 tasks resource profile 0
26/08/09 15:16:25 INFO TaskSetManager: Starting task 0.0 in stage 16.0 (TID 41) (08da040f70a7, executor driver, partition 0, NODE_LOCAL, 8999 bytes) 
26/08/09 15:16:25 INFO Executor: Running task 0.0 in stage 16.0 (TID 41)
26/08/09 15:16:25 INFO ShuffleBlockFetcherIterator: Getting 4 (240.0 B) non-empty blocks including 4 (240.0 B) local and 0 (0.0 B) host-local and 0 (0.0 B) push-merged-local and 0 (0.0 B) remote blocks
26/08/09 15:16:25 INFO ShuffleBlockFetcherIterator: Started 0 remote fetches in 0 ms
26/08/09 15:16:25 INFO Executor: Finished task 0.0 in stage 16.0 (TID 41). 3808 bytes result sent to driver
26/08/09 15:16:25 INFO TaskSetManager: Finished task 0.0 in stage 16.0 (TID 41) in 6 ms on 08da040f70a7 (executor driver) (1/1)
26/08/09 15:16:25 INFO TaskSchedulerImpl: Removed TaskSet 16.0, whose tasks have all completed, from pool 
26/08/09 15:16:25 INFO DAGScheduler: ResultStage 16 (count at NativeMethodAccessorImpl.java:0) finished in 0.011 s
26/08/09 15:16:25 INFO DAGScheduler: Job 11 is finished. Cancelling potential speculative or zombie tasks for this job
26/08/09 15:16:25 INFO TaskSchedulerImpl: Killing all running tasks in stage 16: Stage finished
26/08/09 15:16:25 INFO DAGScheduler: Job 11 finished: count at NativeMethodAccessorImpl.java:0, took 0.013381 s
APPENDED /opt/s2fn/data/export-c 545062
26/08/09 15:16:25 INFO InMemoryFileIndex: It took 1 ms to list leaf files for 1 paths.
26/08/09 15:16:25 INFO SparkContext: Starting job: parquet at NativeMethodAccessorImpl.java:0
26/08/09 15:16:25 INFO DAGScheduler: Got job 12 (parquet at NativeMethodAccessorImpl.java:0) with 1 output partitions
26/08/09 15:16:25 INFO DAGScheduler: Final stage: ResultStage 17 (parquet at NativeMethodAccessorImpl.java:0)
26/08/09 15:16:25 INFO DAGScheduler: Parents of final stage: List()
26/08/09 15:16:25 INFO DAGScheduler: Missing parents: List()
26/08/09 15:16:25 INFO DAGScheduler: Submitting ResultStage 17 (MapPartitionsRDD[35] at parquet at NativeMethodAccessorImpl.java:0), which has no missing parents
26/08/09 15:16:25 INFO MemoryStore: Block broadcast_18 stored as values in memory (estimated size 104.6 KiB, free 7.0 GiB)
26/08/09 15:16:25 INFO MemoryStore: Block broadcast_18_piece0 stored as bytes in memory (estimated size 37.9 KiB, free 7.0 GiB)
26/08/09 15:16:25 INFO BlockManagerInfo: Added broadcast_18_piece0 in memory on 08da040f70a7:46535 (size: 37.9 KiB, free: 7.0 GiB)
26/08/09 15:16:25 INFO SparkContext: Created broadcast 18 from broadcast at DAGScheduler.scala:1611
26/08/09 15:16:25 INFO DAGScheduler: Submitting 1 missing tasks from ResultStage 17 (MapPartitionsRDD[35] at parquet at NativeMethodAccessorImpl.java:0) (first 15 tasks are for partitions Vector(0))
26/08/09 15:16:25 INFO TaskSchedulerImpl: Adding task set 17.0 with 1 tasks resource profile 0
26/08/09 15:16:25 INFO TaskSetManager: Starting task 0.0 in stage 17.0 (TID 42) (08da040f70a7, executor driver, partition 0, PROCESS_LOCAL, 8988 bytes) 
26/08/09 15:16:25 INFO Executor: Running task 0.0 in stage 17.0 (TID 42)
26/08/09 15:16:25 INFO Executor: Finished task 0.0 in stage 17.0 (TID 42). 1123 bytes result sent to driver
26/08/09 15:16:25 INFO TaskSetManager: Finished task 0.0 in stage 17.0 (TID 42) in 16 ms on 08da040f70a7 (executor driver) (1/1)
26/08/09 15:16:25 INFO TaskSchedulerImpl: Removed TaskSet 17.0, whose tasks have all completed, from pool 
26/08/09 15:16:25 INFO DAGScheduler: ResultStage 17 (parquet at NativeMethodAccessorImpl.java:0) finished in 0.024 s
26/08/09 15:16:25 INFO DAGScheduler: Job 12 is finished. Cancelling potential speculative or zombie tasks for this job
26/08/09 15:16:25 INFO TaskSchedulerImpl: Killing all running tasks in stage 17: Stage finished
26/08/09 15:16:25 INFO DAGScheduler: Job 12 finished: parquet at NativeMethodAccessorImpl.java:0, took 0.026189 s
26/08/09 15:16:25 INFO FileSourceStrategy: Pushed Filters: 
26/08/09 15:16:25 INFO FileSourceStrategy: Post-Scan Filters: 
26/08/09 15:16:25 INFO MemoryStore: Block broadcast_19 stored as values in memory (estimated size 205.0 KiB, free 7.0 GiB)
26/08/09 15:16:25 INFO MemoryStore: Block broadcast_19_piece0 stored as bytes in memory (estimated size 36.0 KiB, free 7.0 GiB)
26/08/09 15:16:25 INFO BlockManagerInfo: Added broadcast_19_piece0 in memory on 08da040f70a7:46535 (size: 36.0 KiB, free: 7.0 GiB)
26/08/09 15:16:25 INFO SparkContext: Created broadcast 19 from append at NativeMethodAccessorImpl.java:0
26/08/09 15:16:25 INFO FileSourceScanExec: Planning scan with bin packing, max size: 4194304 bytes, open cost is considered as scanning 4194304 bytes.
26/08/09 15:16:25 INFO DAGScheduler: Registering RDD 39 (append at NativeMethodAccessorImpl.java:0) as input to shuffle 5
26/08/09 15:16:25 INFO DAGScheduler: Got map stage job 13 (append at NativeMethodAccessorImpl.java:0) with 1 output partitions
26/08/09 15:16:25 INFO DAGScheduler: Final stage: ShuffleMapStage 18 (append at NativeMethodAccessorImpl.java:0)
26/08/09 15:16:25 INFO DAGScheduler: Parents of final stage: List()
26/08/09 15:16:25 INFO DAGScheduler: Missing parents: List()
26/08/09 15:16:25 INFO DAGScheduler: Submitting ShuffleMapStage 18 (MapPartitionsRDD[39] at append at NativeMethodAccessorImpl.java:0), which has no missing parents
26/08/09 15:16:25 INFO MemoryStore: Block broadcast_20 stored as values in memory (estimated size 23.4 KiB, free 7.0 GiB)
26/08/09 15:16:25 INFO MemoryStore: Block broadcast_20_piece0 stored as bytes in memory (estimated size 8.9 KiB, free 7.0 GiB)
26/08/09 15:16:25 INFO BlockManagerInfo: Added broadcast_20_piece0 in memory on 08da040f70a7:46535 (size: 8.9 KiB, free: 7.0 GiB)
26/08/09 15:16:25 INFO SparkContext: Created broadcast 20 from broadcast at DAGScheduler.scala:1611
26/08/09 15:16:25 INFO DAGScheduler: Submitting 1 missing tasks from ShuffleMapStage 18 (MapPartitionsRDD[39] at append at NativeMethodAccessorImpl.java:0) (first 15 tasks are for partitions Vector(0))
26/08/09 15:16:25 INFO TaskSchedulerImpl: Adding task set 18.0 with 1 tasks resource profile 0
26/08/09 15:16:25 INFO TaskSetManager: Starting task 0.0 in stage 18.0 (TID 43) (08da040f70a7, executor driver, partition 0, PROCESS_LOCAL, 9649 bytes) 
26/08/09 15:16:25 INFO Executor: Running task 0.0 in stage 18.0 (TID 43)
26/08/09 15:16:25 INFO FileScanRDD: Reading File path: file:///opt/s2fn/data/export-d/part-00000-9da2a4ef-8ec1-4cfe-820f-07741a7cefa9-c000.snappy.parquet, range: 0-4166372, partition values: [empty row]
26/08/09 15:16:25 INFO Executor: Finished task 0.0 in stage 18.0 (TID 43). 1958 bytes result sent to driver
26/08/09 15:16:25 INFO TaskSetManager: Finished task 0.0 in stage 18.0 (TID 43) in 134 ms on 08da040f70a7 (executor driver) (1/1)
26/08/09 15:16:25 INFO TaskSchedulerImpl: Removed TaskSet 18.0, whose tasks have all completed, from pool 
26/08/09 15:16:25 INFO DAGScheduler: ShuffleMapStage 18 (append at NativeMethodAccessorImpl.java:0) finished in 0.137 s
26/08/09 15:16:25 INFO DAGScheduler: looking for newly runnable stages
26/08/09 15:16:25 INFO DAGScheduler: running: Set()
26/08/09 15:16:25 INFO DAGScheduler: waiting: Set()
26/08/09 15:16:25 INFO DAGScheduler: failed: Set()
26/08/09 15:16:25 INFO ShufflePartitionsUtil: For shuffle(5), advisory target size: 402653184, actual target size 1048576, minimum partition size: 1048576
26/08/09 15:16:25 INFO MemoryStore: Block broadcast_21 stored as values in memory (estimated size 32.0 KiB, free 7.0 GiB)
26/08/09 15:16:25 INFO MemoryStore: Block broadcast_21_piece0 stored as bytes in memory (estimated size 27.0 KiB, free 7.0 GiB)
26/08/09 15:16:25 INFO BlockManagerInfo: Added broadcast_21_piece0 in memory on 08da040f70a7:46535 (size: 27.0 KiB, free: 7.0 GiB)
26/08/09 15:16:25 INFO SparkContext: Created broadcast 21 from broadcast at SparkWrite.java:195
26/08/09 15:16:25 INFO AppendDataExec: Start processing data source write support: IcebergBatchWrite(table=local.crop.field_ndvi, format=PARQUET). The input RDD has 3 partitions.
26/08/09 15:16:25 INFO SparkContext: Starting job: append at NativeMethodAccessorImpl.java:0
26/08/09 15:16:25 INFO DAGScheduler: Got job 14 (append at NativeMethodAccessorImpl.java:0) with 3 output partitions
26/08/09 15:16:25 INFO DAGScheduler: Final stage: ResultStage 20 (append at NativeMethodAccessorImpl.java:0)
26/08/09 15:16:25 INFO DAGScheduler: Parents of final stage: List(ShuffleMapStage 19)
26/08/09 15:16:25 INFO DAGScheduler: Missing parents: List()
26/08/09 15:16:25 INFO DAGScheduler: Submitting ResultStage 20 (ShuffledRowRDD[40] at append at NativeMethodAccessorImpl.java:0), which has no missing parents
26/08/09 15:16:25 INFO MemoryStore: Block broadcast_22 stored as values in memory (estimated size 11.1 KiB, free 7.0 GiB)
26/08/09 15:16:25 INFO MemoryStore: Block broadcast_22_piece0 stored as bytes in memory (estimated size 5.8 KiB, free 7.0 GiB)
26/08/09 15:16:25 INFO BlockManagerInfo: Added broadcast_22_piece0 in memory on 08da040f70a7:46535 (size: 5.8 KiB, free: 7.0 GiB)
26/08/09 15:16:25 INFO SparkContext: Created broadcast 22 from broadcast at DAGScheduler.scala:1611
26/08/09 15:16:25 INFO DAGScheduler: Submitting 3 missing tasks from ResultStage 20 (ShuffledRowRDD[40] at append at NativeMethodAccessorImpl.java:0) (first 15 tasks are for partitions Vector(0, 1, 2))
26/08/09 15:16:25 INFO TaskSchedulerImpl: Adding task set 20.0 with 3 tasks resource profile 0
26/08/09 15:16:25 INFO TaskSetManager: Starting task 0.0 in stage 20.0 (TID 44) (08da040f70a7, executor driver, partition 0, NODE_LOCAL, 8999 bytes) 
26/08/09 15:16:25 INFO TaskSetManager: Starting task 1.0 in stage 20.0 (TID 45) (08da040f70a7, executor driver, partition 1, NODE_LOCAL, 8999 bytes) 
26/08/09 15:16:25 INFO TaskSetManager: Starting task 2.0 in stage 20.0 (TID 46) (08da040f70a7, executor driver, partition 2, NODE_LOCAL, 8999 bytes) 
26/08/09 15:16:25 INFO Executor: Running task 0.0 in stage 20.0 (TID 44)
26/08/09 15:16:25 INFO Executor: Running task 1.0 in stage 20.0 (TID 45)
26/08/09 15:16:25 INFO Executor: Running task 2.0 in stage 20.0 (TID 46)
26/08/09 15:16:25 INFO ShuffleBlockFetcherIterator: Getting 1 (1911.6 KiB) non-empty blocks including 1 (1911.6 KiB) local and 0 (0.0 B) host-local and 0 (0.0 B) push-merged-local and 0 (0.0 B) remote blocks
26/08/09 15:16:25 INFO ShuffleBlockFetcherIterator: Getting 1 (1911.6 KiB) non-empty blocks including 1 (1911.6 KiB) local and 0 (0.0 B) host-local and 0 (0.0 B) push-merged-local and 0 (0.0 B) remote blocks
26/08/09 15:16:25 INFO ShuffleBlockFetcherIterator: Started 0 remote fetches in 0 ms
26/08/09 15:16:25 INFO ShuffleBlockFetcherIterator: Started 0 remote fetches in 0 ms
26/08/09 15:16:25 INFO ShuffleBlockFetcherIterator: Getting 1 (1911.6 KiB) non-empty blocks including 1 (1911.6 KiB) local and 0 (0.0 B) host-local and 0 (0.0 B) push-merged-local and 0 (0.0 B) remote blocks
26/08/09 15:16:25 INFO ShuffleBlockFetcherIterator: Started 0 remote fetches in 0 ms
26/08/09 15:16:25 INFO CodecPool: Got brand-new compressor [.zstd]
26/08/09 15:16:25 INFO CodecPool: Got brand-new compressor [.zstd]
26/08/09 15:16:25 INFO CodecPool: Got brand-new compressor [.zstd]
26/08/09 15:16:25 INFO BlockManagerInfo: Removed broadcast_20_piece0 on 08da040f70a7:46535 in memory (size: 8.9 KiB, free: 7.0 GiB)
26/08/09 15:16:25 INFO BlockManagerInfo: Removed broadcast_15_piece0 on 08da040f70a7:46535 in memory (size: 35.4 KiB, free: 7.0 GiB)
26/08/09 15:16:25 INFO BlockManagerInfo: Removed broadcast_17_piece0 on 08da040f70a7:46535 in memory (size: 5.9 KiB, free: 7.0 GiB)
26/08/09 15:16:25 INFO BlockManagerInfo: Removed broadcast_16_piece0 on 08da040f70a7:46535 in memory (size: 7.8 KiB, free: 7.0 GiB)
26/08/09 15:16:25 INFO BlockManagerInfo: Removed broadcast_18_piece0 on 08da040f70a7:46535 in memory (size: 37.9 KiB, free: 7.0 GiB)
26/08/09 15:16:25 INFO DataWritingSparkTask: Writer for partition 0 is committing.
26/08/09 15:16:25 INFO DataWritingSparkTask: Writer for partition 1 is committing.
26/08/09 15:16:25 INFO DataWritingSparkTask: Writer for partition 2 is committing.
26/08/09 15:16:25 INFO DataWritingSparkTask: Committed partition 0 (task 44, attempt 0, stage 20.0)
26/08/09 15:16:25 INFO Executor: Finished task 0.0 in stage 20.0 (TID 44). 6200 bytes result sent to driver
26/08/09 15:16:25 INFO TaskSetManager: Finished task 0.0 in stage 20.0 (TID 44) in 123 ms on 08da040f70a7 (executor driver) (1/3)
26/08/09 15:16:25 INFO DataWritingSparkTask: Committed partition 1 (task 45, attempt 0, stage 20.0)
26/08/09 15:16:25 INFO DataWritingSparkTask: Committed partition 2 (task 46, attempt 0, stage 20.0)
26/08/09 15:16:25 INFO Executor: Finished task 2.0 in stage 20.0 (TID 46). 6200 bytes result sent to driver
26/08/09 15:16:25 INFO Executor: Finished task 1.0 in stage 20.0 (TID 45). 6200 bytes result sent to driver
26/08/09 15:16:25 INFO TaskSetManager: Finished task 2.0 in stage 20.0 (TID 46) in 124 ms on 08da040f70a7 (executor driver) (2/3)
26/08/09 15:16:25 INFO TaskSetManager: Finished task 1.0 in stage 20.0 (TID 45) in 124 ms on 08da040f70a7 (executor driver) (3/3)
26/08/09 15:16:25 INFO TaskSchedulerImpl: Removed TaskSet 20.0, whose tasks have all completed, from pool 
26/08/09 15:16:25 INFO DAGScheduler: ResultStage 20 (append at NativeMethodAccessorImpl.java:0) finished in 0.127 s
26/08/09 15:16:25 INFO DAGScheduler: Job 14 is finished. Cancelling potential speculative or zombie tasks for this job
26/08/09 15:16:25 INFO TaskSchedulerImpl: Killing all running tasks in stage 20: Stage finished
26/08/09 15:16:25 INFO DAGScheduler: Job 14 finished: append at NativeMethodAccessorImpl.java:0, took 0.130339 s
26/08/09 15:16:25 INFO AppendDataExec: Data source write support IcebergBatchWrite(table=local.crop.field_ndvi, format=PARQUET) is committing.
26/08/09 15:16:25 INFO SparkWrite: Committing append with 3 new data files to table local.crop.field_ndvi
26/08/09 15:16:25 INFO HadoopTableOperations: Committed a new metadata file /opt/s2fn/warehouse/crop/field_ndvi/metadata/v11.metadata.json
26/08/09 15:16:25 INFO SnapshotProducer: Committed snapshot 7472208499864109957 (MergeAppend)
26/08/09 15:16:25 INFO LoggingMetricsReporter: Received metrics report: CommitReport{tableName=local.crop.field_ndvi, snapshotId=7472208499864109957, sequenceNumber=11, operation=append, commitMetrics=CommitMetricsResult{totalDuration=TimerResult{timeUnit=NANOSECONDS, totalDuration=PT0.06251393S, count=1}, attempts=CounterResult{unit=COUNT, value=1}, addedDataFiles=CounterResult{unit=COUNT, value=3}, removedDataFiles=null, totalDataFiles=CounterResult{unit=COUNT, value=34}, addedDeleteFiles=null, addedEqualityDeleteFiles=null, addedPositionalDeleteFiles=null, addedDVs=null, removedDeleteFiles=null, removedEqualityDeleteFiles=null, removedPositionalDeleteFiles=null, removedDVs=null, totalDeleteFiles=CounterResult{unit=COUNT, value=0}, addedRecords=CounterResult{unit=COUNT, value=164309}, removedRecords=null, totalRecords=CounterResult{unit=COUNT, value=1436637}, addedFilesSizeInBytes=CounterResult{unit=BYTES, value=3469137}, removedFilesSizeInBytes=null, totalFilesSizeInBytes=CounterResult{unit=BYTES, value=30781509}, addedPositionalDeletes=null, removedPositionalDeletes=null, totalPositionalDeletes=CounterResult{unit=COUNT, value=0}, addedEqualityDeletes=null, removedEqualityDeletes=null, totalEqualityDeletes=CounterResult{unit=COUNT, value=0}, manifestsCreated=CounterResult{unit=COUNT, value=1}, manifestsReplaced=CounterResult{unit=COUNT, value=0}, manifestsKept=CounterResult{unit=COUNT, value=10}, manifestEntriesProcessed=null}, metadata={engine-version=3.5.9, app-id=local-1786288577204, engine-name=spark, iceberg-version=Apache Iceberg 1.11.0 (commit 6976e020b894f6a6777704df2b8c4458cb291ae9), app-name=merge}}
26/08/09 15:16:25 INFO SparkWrite: Committed in 63 ms
26/08/09 15:16:25 INFO AppendDataExec: Data source write support IcebergBatchWrite(table=local.crop.field_ndvi, format=PARQUET) committed.
26/08/09 15:16:25 INFO FileSourceStrategy: Pushed Filters: 
26/08/09 15:16:25 INFO FileSourceStrategy: Post-Scan Filters: 
26/08/09 15:16:25 INFO MemoryStore: Block broadcast_23 stored as values in memory (estimated size 203.6 KiB, free 7.0 GiB)
26/08/09 15:16:25 INFO MemoryStore: Block broadcast_23_piece0 stored as bytes in memory (estimated size 35.4 KiB, free 7.0 GiB)
26/08/09 15:16:25 INFO BlockManagerInfo: Added broadcast_23_piece0 in memory on 08da040f70a7:46535 (size: 35.4 KiB, free: 7.0 GiB)
26/08/09 15:16:25 INFO SparkContext: Created broadcast 23 from count at NativeMethodAccessorImpl.java:0
26/08/09 15:16:25 INFO FileSourceScanExec: Planning scan with bin packing, max size: 4194304 bytes, open cost is considered as scanning 4194304 bytes.
26/08/09 15:16:25 INFO DAGScheduler: Registering RDD 44 (count at NativeMethodAccessorImpl.java:0) as input to shuffle 6
26/08/09 15:16:25 INFO DAGScheduler: Got map stage job 15 (count at NativeMethodAccessorImpl.java:0) with 1 output partitions
26/08/09 15:16:25 INFO DAGScheduler: Final stage: ShuffleMapStage 21 (count at NativeMethodAccessorImpl.java:0)
26/08/09 15:16:25 INFO DAGScheduler: Parents of final stage: List()
26/08/09 15:16:25 INFO DAGScheduler: Missing parents: List()
26/08/09 15:16:25 INFO DAGScheduler: Submitting ShuffleMapStage 21 (MapPartitionsRDD[44] at count at NativeMethodAccessorImpl.java:0), which has no missing parents
26/08/09 15:16:25 INFO MemoryStore: Block broadcast_24 stored as values in memory (estimated size 17.0 KiB, free 7.0 GiB)
26/08/09 15:16:25 INFO MemoryStore: Block broadcast_24_piece0 stored as bytes in memory (estimated size 7.8 KiB, free 7.0 GiB)
26/08/09 15:16:25 INFO BlockManagerInfo: Added broadcast_24_piece0 in memory on 08da040f70a7:46535 (size: 7.8 KiB, free: 7.0 GiB)
26/08/09 15:16:25 INFO SparkContext: Created broadcast 24 from broadcast at DAGScheduler.scala:1611
26/08/09 15:16:25 INFO DAGScheduler: Submitting 1 missing tasks from ShuffleMapStage 21 (MapPartitionsRDD[44] at count at NativeMethodAccessorImpl.java:0) (first 15 tasks are for partitions Vector(0))
26/08/09 15:16:25 INFO TaskSchedulerImpl: Adding task set 21.0 with 1 tasks resource profile 0
26/08/09 15:16:25 INFO TaskSetManager: Starting task 0.0 in stage 21.0 (TID 47) (08da040f70a7, executor driver, partition 0, PROCESS_LOCAL, 9649 bytes) 
26/08/09 15:16:25 INFO Executor: Running task 0.0 in stage 21.0 (TID 47)
26/08/09 15:16:25 INFO FileScanRDD: Reading File path: file:///opt/s2fn/data/export-d/part-00000-9da2a4ef-8ec1-4cfe-820f-07741a7cefa9-c000.snappy.parquet, range: 0-4166372, partition values: [empty row]
26/08/09 15:16:25 INFO Executor: Finished task 0.0 in stage 21.0 (TID 47). 2068 bytes result sent to driver
26/08/09 15:16:25 INFO TaskSetManager: Finished task 0.0 in stage 21.0 (TID 47) in 10 ms on 08da040f70a7 (executor driver) (1/1)
26/08/09 15:16:25 INFO TaskSchedulerImpl: Removed TaskSet 21.0, whose tasks have all completed, from pool 
26/08/09 15:16:25 INFO DAGScheduler: ShuffleMapStage 21 (count at NativeMethodAccessorImpl.java:0) finished in 0.013 s
26/08/09 15:16:25 INFO DAGScheduler: looking for newly runnable stages
26/08/09 15:16:25 INFO DAGScheduler: running: Set()
26/08/09 15:16:25 INFO DAGScheduler: waiting: Set()
26/08/09 15:16:25 INFO DAGScheduler: failed: Set()
26/08/09 15:16:25 INFO SparkContext: Starting job: count at NativeMethodAccessorImpl.java:0
26/08/09 15:16:25 INFO DAGScheduler: Got job 16 (count at NativeMethodAccessorImpl.java:0) with 1 output partitions
26/08/09 15:16:25 INFO DAGScheduler: Final stage: ResultStage 23 (count at NativeMethodAccessorImpl.java:0)
26/08/09 15:16:25 INFO DAGScheduler: Parents of final stage: List(ShuffleMapStage 22)
26/08/09 15:16:25 INFO DAGScheduler: Missing parents: List()
26/08/09 15:16:25 INFO DAGScheduler: Submitting ResultStage 23 (MapPartitionsRDD[47] at count at NativeMethodAccessorImpl.java:0), which has no missing parents
26/08/09 15:16:25 INFO MemoryStore: Block broadcast_25 stored as values in memory (estimated size 12.5 KiB, free 7.0 GiB)
26/08/09 15:16:25 INFO MemoryStore: Block broadcast_25_piece0 stored as bytes in memory (estimated size 5.9 KiB, free 7.0 GiB)
26/08/09 15:16:25 INFO BlockManagerInfo: Added broadcast_25_piece0 in memory on 08da040f70a7:46535 (size: 5.9 KiB, free: 7.0 GiB)
26/08/09 15:16:25 INFO SparkContext: Created broadcast 25 from broadcast at DAGScheduler.scala:1611
26/08/09 15:16:25 INFO DAGScheduler: Submitting 1 missing tasks from ResultStage 23 (MapPartitionsRDD[47] at count at NativeMethodAccessorImpl.java:0) (first 15 tasks are for partitions Vector(0))
26/08/09 15:16:25 INFO TaskSchedulerImpl: Adding task set 23.0 with 1 tasks resource profile 0
26/08/09 15:16:25 INFO TaskSetManager: Starting task 0.0 in stage 23.0 (TID 48) (08da040f70a7, executor driver, partition 0, NODE_LOCAL, 8999 bytes) 
26/08/09 15:16:25 INFO Executor: Running task 0.0 in stage 23.0 (TID 48)
26/08/09 15:16:25 INFO ShuffleBlockFetcherIterator: Getting 1 (60.0 B) non-empty blocks including 1 (60.0 B) local and 0 (0.0 B) host-local and 0 (0.0 B) push-merged-local and 0 (0.0 B) remote blocks
26/08/09 15:16:25 INFO ShuffleBlockFetcherIterator: Started 0 remote fetches in 0 ms
26/08/09 15:16:25 INFO Executor: Finished task 0.0 in stage 23.0 (TID 48). 3808 bytes result sent to driver
26/08/09 15:16:25 INFO TaskSetManager: Finished task 0.0 in stage 23.0 (TID 48) in 5 ms on 08da040f70a7 (executor driver) (1/1)
26/08/09 15:16:25 INFO TaskSchedulerImpl: Removed TaskSet 23.0, whose tasks have all completed, from pool 
26/08/09 15:16:25 INFO DAGScheduler: ResultStage 23 (count at NativeMethodAccessorImpl.java:0) finished in 0.008 s
26/08/09 15:16:25 INFO DAGScheduler: Job 16 is finished. Cancelling potential speculative or zombie tasks for this job
26/08/09 15:16:25 INFO TaskSchedulerImpl: Killing all running tasks in stage 23: Stage finished
26/08/09 15:16:25 INFO DAGScheduler: Job 16 finished: count at NativeMethodAccessorImpl.java:0, took 0.010610 s
APPENDED /opt/s2fn/data/export-d 164309
26/08/09 15:16:25 INFO InMemoryFileIndex: It took 1 ms to list leaf files for 1 paths.
26/08/09 15:16:25 INFO SparkContext: Starting job: parquet at NativeMethodAccessorImpl.java:0
26/08/09 15:16:25 INFO DAGScheduler: Got job 17 (parquet at NativeMethodAccessorImpl.java:0) with 1 output partitions
26/08/09 15:16:25 INFO DAGScheduler: Final stage: ResultStage 24 (parquet at NativeMethodAccessorImpl.java:0)
26/08/09 15:16:25 INFO DAGScheduler: Parents of final stage: List()
26/08/09 15:16:25 INFO DAGScheduler: Missing parents: List()
26/08/09 15:16:25 INFO DAGScheduler: Submitting ResultStage 24 (MapPartitionsRDD[49] at parquet at NativeMethodAccessorImpl.java:0), which has no missing parents
26/08/09 15:16:25 INFO MemoryStore: Block broadcast_26 stored as values in memory (estimated size 104.6 KiB, free 7.0 GiB)
26/08/09 15:16:25 INFO MemoryStore: Block broadcast_26_piece0 stored as bytes in memory (estimated size 37.9 KiB, free 7.0 GiB)
26/08/09 15:16:25 INFO BlockManagerInfo: Added broadcast_26_piece0 in memory on 08da040f70a7:46535 (size: 37.9 KiB, free: 7.0 GiB)
26/08/09 15:16:25 INFO SparkContext: Created broadcast 26 from broadcast at DAGScheduler.scala:1611
26/08/09 15:16:25 INFO DAGScheduler: Submitting 1 missing tasks from ResultStage 24 (MapPartitionsRDD[49] at parquet at NativeMethodAccessorImpl.java:0) (first 15 tasks are for partitions Vector(0))
26/08/09 15:16:25 INFO TaskSchedulerImpl: Adding task set 24.0 with 1 tasks resource profile 0
26/08/09 15:16:25 INFO TaskSetManager: Starting task 0.0 in stage 24.0 (TID 49) (08da040f70a7, executor driver, partition 0, PROCESS_LOCAL, 8988 bytes) 
26/08/09 15:16:25 INFO Executor: Running task 0.0 in stage 24.0 (TID 49)
26/08/09 15:16:25 INFO Executor: Finished task 0.0 in stage 24.0 (TID 49). 1123 bytes result sent to driver
26/08/09 15:16:25 INFO TaskSetManager: Finished task 0.0 in stage 24.0 (TID 49) in 13 ms on 08da040f70a7 (executor driver) (1/1)
26/08/09 15:16:25 INFO TaskSchedulerImpl: Removed TaskSet 24.0, whose tasks have all completed, from pool 
26/08/09 15:16:25 INFO DAGScheduler: ResultStage 24 (parquet at NativeMethodAccessorImpl.java:0) finished in 0.020 s
26/08/09 15:16:25 INFO DAGScheduler: Job 17 is finished. Cancelling potential speculative or zombie tasks for this job
26/08/09 15:16:25 INFO TaskSchedulerImpl: Killing all running tasks in stage 24: Stage finished
26/08/09 15:16:25 INFO DAGScheduler: Job 17 finished: parquet at NativeMethodAccessorImpl.java:0, took 0.022436 s
26/08/09 15:16:25 INFO FileSourceStrategy: Pushed Filters: 
26/08/09 15:16:25 INFO FileSourceStrategy: Post-Scan Filters: 
26/08/09 15:16:25 INFO MemoryStore: Block broadcast_27 stored as values in memory (estimated size 205.0 KiB, free 7.0 GiB)
26/08/09 15:16:25 INFO MemoryStore: Block broadcast_27_piece0 stored as bytes in memory (estimated size 36.0 KiB, free 7.0 GiB)
26/08/09 15:16:25 INFO BlockManagerInfo: Added broadcast_27_piece0 in memory on 08da040f70a7:46535 (size: 36.0 KiB, free: 7.0 GiB)
26/08/09 15:16:25 INFO SparkContext: Created broadcast 27 from append at NativeMethodAccessorImpl.java:0
26/08/09 15:16:25 INFO FileSourceScanExec: Planning scan with bin packing, max size: 4194304 bytes, open cost is considered as scanning 4194304 bytes.
26/08/09 15:16:25 INFO DAGScheduler: Registering RDD 53 (append at NativeMethodAccessorImpl.java:0) as input to shuffle 7
26/08/09 15:16:25 INFO DAGScheduler: Got map stage job 18 (append at NativeMethodAccessorImpl.java:0) with 5 output partitions
26/08/09 15:16:25 INFO DAGScheduler: Final stage: ShuffleMapStage 25 (append at NativeMethodAccessorImpl.java:0)
26/08/09 15:16:25 INFO DAGScheduler: Parents of final stage: List()
26/08/09 15:16:25 INFO DAGScheduler: Missing parents: List()
26/08/09 15:16:25 INFO DAGScheduler: Submitting ShuffleMapStage 25 (MapPartitionsRDD[53] at append at NativeMethodAccessorImpl.java:0), which has no missing parents
26/08/09 15:16:25 INFO MemoryStore: Block broadcast_28 stored as values in memory (estimated size 23.4 KiB, free 7.0 GiB)
26/08/09 15:16:25 INFO MemoryStore: Block broadcast_28_piece0 stored as bytes in memory (estimated size 8.8 KiB, free 7.0 GiB)
26/08/09 15:16:25 INFO BlockManagerInfo: Added broadcast_28_piece0 in memory on 08da040f70a7:46535 (size: 8.8 KiB, free: 7.0 GiB)
26/08/09 15:16:25 INFO SparkContext: Created broadcast 28 from broadcast at DAGScheduler.scala:1611
26/08/09 15:16:25 INFO DAGScheduler: Submitting 5 missing tasks from ShuffleMapStage 25 (MapPartitionsRDD[53] at append at NativeMethodAccessorImpl.java:0) (first 15 tasks are for partitions Vector(0, 1, 2, 3, 4))
26/08/09 15:16:25 INFO TaskSchedulerImpl: Adding task set 25.0 with 5 tasks resource profile 0
26/08/09 15:16:25 INFO TaskSetManager: Starting task 0.0 in stage 25.0 (TID 50) (08da040f70a7, executor driver, partition 0, PROCESS_LOCAL, 9649 bytes) 
26/08/09 15:16:25 INFO TaskSetManager: Starting task 1.0 in stage 25.0 (TID 51) (08da040f70a7, executor driver, partition 1, PROCESS_LOCAL, 9649 bytes) 
26/08/09 15:16:25 INFO TaskSetManager: Starting task 2.0 in stage 25.0 (TID 52) (08da040f70a7, executor driver, partition 2, PROCESS_LOCAL, 9649 bytes) 
26/08/09 15:16:25 INFO TaskSetManager: Starting task 3.0 in stage 25.0 (TID 53) (08da040f70a7, executor driver, partition 3, PROCESS_LOCAL, 9649 bytes) 
26/08/09 15:16:25 INFO TaskSetManager: Starting task 4.0 in stage 25.0 (TID 54) (08da040f70a7, executor driver, partition 4, PROCESS_LOCAL, 9649 bytes) 
26/08/09 15:16:25 INFO Executor: Running task 0.0 in stage 25.0 (TID 50)
26/08/09 15:16:25 INFO Executor: Running task 2.0 in stage 25.0 (TID 52)
26/08/09 15:16:25 INFO Executor: Running task 3.0 in stage 25.0 (TID 53)
26/08/09 15:16:25 INFO Executor: Running task 4.0 in stage 25.0 (TID 54)
26/08/09 15:16:25 INFO Executor: Running task 1.0 in stage 25.0 (TID 51)
26/08/09 15:16:25 INFO FileScanRDD: Reading File path: file:///opt/s2fn/data/export-e/part-00001-25fde072-05ce-47b0-ac96-72418bb205ad-c000.snappy.parquet, range: 4194304-4350522, partition values: [empty row]
26/08/09 15:16:25 INFO FileScanRDD: Reading File path: file:///opt/s2fn/data/export-e/part-00000-25fde072-05ce-47b0-ac96-72418bb205ad-c000.snappy.parquet, range: 0-4194304, partition values: [empty row]
26/08/09 15:16:25 INFO FileScanRDD: Reading File path: file:///opt/s2fn/data/export-e/part-00001-25fde072-05ce-47b0-ac96-72418bb205ad-c000.snappy.parquet, range: 0-4194304, partition values: [empty row]
26/08/09 15:16:25 INFO FileScanRDD: Reading File path: file:///opt/s2fn/data/export-e/part-00000-25fde072-05ce-47b0-ac96-72418bb205ad-c000.snappy.parquet, range: 4194304-5027598, partition values: [empty row]
26/08/09 15:16:25 INFO FileScanRDD: Reading File path: file:///opt/s2fn/data/export-e/part-00002-25fde072-05ce-47b0-ac96-72418bb205ad-c000.snappy.parquet, range: 0-2668068, partition values: [empty row]
26/08/09 15:16:25 INFO Executor: Finished task 4.0 in stage 25.0 (TID 54). 1786 bytes result sent to driver
26/08/09 15:16:25 INFO Executor: Finished task 3.0 in stage 25.0 (TID 53). 1786 bytes result sent to driver
26/08/09 15:16:25 INFO TaskSetManager: Finished task 4.0 in stage 25.0 (TID 54) in 11 ms on 08da040f70a7 (executor driver) (1/5)
26/08/09 15:16:25 INFO TaskSetManager: Finished task 3.0 in stage 25.0 (TID 53) in 11 ms on 08da040f70a7 (executor driver) (2/5)
26/08/09 15:16:26 INFO BlockManagerInfo: Removed broadcast_26_piece0 on 08da040f70a7:46535 in memory (size: 37.9 KiB, free: 7.0 GiB)
26/08/09 15:16:26 INFO BlockManagerInfo: Removed broadcast_21_piece0 on 08da040f70a7:46535 in memory (size: 27.0 KiB, free: 7.0 GiB)
26/08/09 15:16:26 INFO BlockManagerInfo: Removed broadcast_24_piece0 on 08da040f70a7:46535 in memory (size: 7.8 KiB, free: 7.0 GiB)
26/08/09 15:16:26 INFO BlockManagerInfo: Removed broadcast_19_piece0 on 08da040f70a7:46535 in memory (size: 36.0 KiB, free: 7.0 GiB)
26/08/09 15:16:26 INFO BlockManagerInfo: Removed broadcast_25_piece0 on 08da040f70a7:46535 in memory (size: 5.9 KiB, free: 7.0 GiB)
26/08/09 15:16:26 INFO BlockManagerInfo: Removed broadcast_22_piece0 on 08da040f70a7:46535 in memory (size: 5.8 KiB, free: 7.0 GiB)
26/08/09 15:16:26 INFO BlockManagerInfo: Removed broadcast_23_piece0 on 08da040f70a7:46535 in memory (size: 35.4 KiB, free: 7.0 GiB)
26/08/09 15:16:26 INFO Executor: Finished task 2.0 in stage 25.0 (TID 52). 2001 bytes result sent to driver
26/08/09 15:16:26 INFO TaskSetManager: Finished task 2.0 in stage 25.0 (TID 52) in 161 ms on 08da040f70a7 (executor driver) (3/5)
26/08/09 15:16:26 INFO Executor: Finished task 0.0 in stage 25.0 (TID 50). 2001 bytes result sent to driver
26/08/09 15:16:26 INFO TaskSetManager: Finished task 0.0 in stage 25.0 (TID 50) in 217 ms on 08da040f70a7 (executor driver) (4/5)
26/08/09 15:16:26 INFO Executor: Finished task 1.0 in stage 25.0 (TID 51). 2001 bytes result sent to driver
26/08/09 15:16:26 INFO TaskSetManager: Finished task 1.0 in stage 25.0 (TID 51) in 244 ms on 08da040f70a7 (executor driver) (5/5)
26/08/09 15:16:26 INFO TaskSchedulerImpl: Removed TaskSet 25.0, whose tasks have all completed, from pool 
26/08/09 15:16:26 INFO DAGScheduler: ShuffleMapStage 25 (append at NativeMethodAccessorImpl.java:0) finished in 0.248 s
26/08/09 15:16:26 INFO DAGScheduler: looking for newly runnable stages
26/08/09 15:16:26 INFO DAGScheduler: running: Set()
26/08/09 15:16:26 INFO DAGScheduler: waiting: Set()
26/08/09 15:16:26 INFO DAGScheduler: failed: Set()
26/08/09 15:16:26 INFO ShufflePartitionsUtil: For shuffle(7), advisory target size: 402653184, actual target size 1275327, minimum partition size: 1048576
26/08/09 15:16:26 INFO MemoryStore: Block broadcast_29 stored as values in memory (estimated size 32.0 KiB, free 7.0 GiB)
26/08/09 15:16:26 INFO MemoryStore: Block broadcast_29_piece0 stored as bytes in memory (estimated size 27.0 KiB, free 7.0 GiB)
26/08/09 15:16:26 INFO BlockManagerInfo: Added broadcast_29_piece0 in memory on 08da040f70a7:46535 (size: 27.0 KiB, free: 7.0 GiB)
26/08/09 15:16:26 INFO SparkContext: Created broadcast 29 from broadcast at SparkWrite.java:195
26/08/09 15:16:26 INFO AppendDataExec: Start processing data source write support: IcebergBatchWrite(table=local.crop.field_ndvi, format=PARQUET). The input RDD has 7 partitions.
26/08/09 15:16:26 INFO SparkContext: Starting job: append at NativeMethodAccessorImpl.java:0
26/08/09 15:16:26 INFO DAGScheduler: Got job 19 (append at NativeMethodAccessorImpl.java:0) with 7 output partitions
26/08/09 15:16:26 INFO DAGScheduler: Final stage: ResultStage 27 (append at NativeMethodAccessorImpl.java:0)
26/08/09 15:16:26 INFO DAGScheduler: Parents of final stage: List(ShuffleMapStage 26)
26/08/09 15:16:26 INFO DAGScheduler: Missing parents: List()
26/08/09 15:16:26 INFO DAGScheduler: Submitting ResultStage 27 (ShuffledRowRDD[54] at append at NativeMethodAccessorImpl.java:0), which has no missing parents
26/08/09 15:16:26 INFO MemoryStore: Block broadcast_30 stored as values in memory (estimated size 11.1 KiB, free 7.0 GiB)
26/08/09 15:16:26 INFO MemoryStore: Block broadcast_30_piece0 stored as bytes in memory (estimated size 5.9 KiB, free 7.0 GiB)
26/08/09 15:16:26 INFO BlockManagerInfo: Added broadcast_30_piece0 in memory on 08da040f70a7:46535 (size: 5.9 KiB, free: 7.0 GiB)
26/08/09 15:16:26 INFO SparkContext: Created broadcast 30 from broadcast at DAGScheduler.scala:1611
26/08/09 15:16:26 INFO DAGScheduler: Submitting 7 missing tasks from ResultStage 27 (ShuffledRowRDD[54] at append at NativeMethodAccessorImpl.java:0) (first 15 tasks are for partitions Vector(0, 1, 2, 3, 4, 5, 6))
26/08/09 15:16:26 INFO TaskSchedulerImpl: Adding task set 27.0 with 7 tasks resource profile 0
26/08/09 15:16:26 INFO TaskSetManager: Starting task 0.0 in stage 27.0 (TID 55) (08da040f70a7, executor driver, partition 0, NODE_LOCAL, 8999 bytes) 
26/08/09 15:16:26 INFO TaskSetManager: Starting task 1.0 in stage 27.0 (TID 56) (08da040f70a7, executor driver, partition 1, NODE_LOCAL, 8999 bytes) 
26/08/09 15:16:26 INFO TaskSetManager: Starting task 2.0 in stage 27.0 (TID 57) (08da040f70a7, executor driver, partition 2, NODE_LOCAL, 8999 bytes) 
26/08/09 15:16:26 INFO TaskSetManager: Starting task 3.0 in stage 27.0 (TID 58) (08da040f70a7, executor driver, partition 3, NODE_LOCAL, 8999 bytes) 
26/08/09 15:16:26 INFO TaskSetManager: Starting task 4.0 in stage 27.0 (TID 59) (08da040f70a7, executor driver, partition 4, NODE_LOCAL, 8999 bytes) 
26/08/09 15:16:26 INFO TaskSetManager: Starting task 5.0 in stage 27.0 (TID 60) (08da040f70a7, executor driver, partition 5, NODE_LOCAL, 8999 bytes) 
26/08/09 15:16:26 INFO TaskSetManager: Starting task 6.0 in stage 27.0 (TID 61) (08da040f70a7, executor driver, partition 6, NODE_LOCAL, 8999 bytes) 
26/08/09 15:16:26 INFO Executor: Running task 0.0 in stage 27.0 (TID 55)
26/08/09 15:16:26 INFO Executor: Running task 1.0 in stage 27.0 (TID 56)
26/08/09 15:16:26 INFO Executor: Running task 2.0 in stage 27.0 (TID 57)
26/08/09 15:16:26 INFO Executor: Running task 3.0 in stage 27.0 (TID 58)
26/08/09 15:16:26 INFO Executor: Running task 4.0 in stage 27.0 (TID 59)
26/08/09 15:16:26 INFO Executor: Running task 5.0 in stage 27.0 (TID 60)
26/08/09 15:16:26 INFO Executor: Running task 6.0 in stage 27.0 (TID 61)
26/08/09 15:16:26 INFO ShuffleBlockFetcherIterator: Getting 1 (1911.6 KiB) non-empty blocks including 1 (1911.6 KiB) local and 0 (0.0 B) host-local and 0 (0.0 B) push-merged-local and 0 (0.0 B) remote blocks
26/08/09 15:16:26 INFO ShuffleBlockFetcherIterator: Getting 1 (2.1 MiB) non-empty blocks including 1 (2.1 MiB) local and 0 (0.0 B) host-local and 0 (0.0 B) push-merged-local and 0 (0.0 B) remote blocks
26/08/09 15:16:26 INFO ShuffleBlockFetcherIterator: Getting 1 (2.1 MiB) non-empty blocks including 1 (2.1 MiB) local and 0 (0.0 B) host-local and 0 (0.0 B) push-merged-local and 0 (0.0 B) remote blocks
26/08/09 15:16:26 INFO ShuffleBlockFetcherIterator: Getting 1 (2.1 MiB) non-empty blocks including 1 (2.1 MiB) local and 0 (0.0 B) host-local and 0 (0.0 B) push-merged-local and 0 (0.0 B) remote blocks
26/08/09 15:16:26 INFO ShuffleBlockFetcherIterator: Getting 2 (4.1 MiB) non-empty blocks including 2 (4.1 MiB) local and 0 (0.0 B) host-local and 0 (0.0 B) push-merged-local and 0 (0.0 B) remote blocks
26/08/09 15:16:26 INFO ShuffleBlockFetcherIterator: Started 0 remote fetches in 0 ms
26/08/09 15:16:26 INFO ShuffleBlockFetcherIterator: Getting 1 (4.4 MiB) non-empty blocks including 1 (4.4 MiB) local and 0 (0.0 B) host-local and 0 (0.0 B) push-merged-local and 0 (0.0 B) remote blocks
26/08/09 15:16:26 INFO ShuffleBlockFetcherIterator: Started 0 remote fetches in 0 ms
26/08/09 15:16:26 INFO ShuffleBlockFetcherIterator: Started 0 remote fetches in 0 ms
26/08/09 15:16:26 INFO ShuffleBlockFetcherIterator: Getting 1 (2.9 MiB) non-empty blocks including 1 (2.9 MiB) local and 0 (0.0 B) host-local and 0 (0.0 B) push-merged-local and 0 (0.0 B) remote blocks
26/08/09 15:16:26 INFO ShuffleBlockFetcherIterator: Started 0 remote fetches in 0 ms
26/08/09 15:16:26 INFO ShuffleBlockFetcherIterator: Started 0 remote fetches in 0 ms
26/08/09 15:16:26 INFO ShuffleBlockFetcherIterator: Started 0 remote fetches in 0 ms
26/08/09 15:16:26 INFO ShuffleBlockFetcherIterator: Started 0 remote fetches in 0 ms
26/08/09 15:16:26 INFO CodecPool: Got brand-new compressor [.zstd]
26/08/09 15:16:26 INFO CodecPool: Got brand-new compressor [.zstd]
26/08/09 15:16:26 INFO CodecPool: Got brand-new compressor [.zstd]
26/08/09 15:16:26 INFO CodecPool: Got brand-new compressor [.zstd]
26/08/09 15:16:26 INFO CodecPool: Got brand-new compressor [.zstd]
26/08/09 15:16:26 INFO CodecPool: Got brand-new compressor [.zstd]
26/08/09 15:16:26 INFO CodecPool: Got brand-new compressor [.zstd]
26/08/09 15:16:26 INFO BlockManagerInfo: Removed broadcast_28_piece0 on 08da040f70a7:46535 in memory (size: 8.8 KiB, free: 7.0 GiB)
26/08/09 15:16:26 INFO DataWritingSparkTask: Writer for partition 1 is committing.
26/08/09 15:16:26 INFO CodecPool: Got brand-new compressor [.zstd]
26/08/09 15:16:26 INFO DataWritingSparkTask: Writer for partition 0 is committing.
26/08/09 15:16:26 INFO CodecPool: Got brand-new compressor [.zstd]
26/08/09 15:16:26 INFO DataWritingSparkTask: Writer for partition 3 is committing.
26/08/09 15:16:26 INFO DataWritingSparkTask: Writer for partition 5 is committing.
26/08/09 15:16:26 INFO CodecPool: Got brand-new compressor [.zstd]
26/08/09 15:16:26 INFO DataWritingSparkTask: Committed partition 1 (task 56, attempt 0, stage 27.0)
26/08/09 15:16:26 INFO Executor: Finished task 1.0 in stage 27.0 (TID 56). 6200 bytes result sent to driver
26/08/09 15:16:26 INFO TaskSetManager: Finished task 1.0 in stage 27.0 (TID 56) in 142 ms on 08da040f70a7 (executor driver) (1/7)
26/08/09 15:16:26 INFO DataWritingSparkTask: Committed partition 0 (task 55, attempt 0, stage 27.0)
26/08/09 15:16:26 INFO Executor: Finished task 0.0 in stage 27.0 (TID 55). 6200 bytes result sent to driver
26/08/09 15:16:26 INFO TaskSetManager: Finished task 0.0 in stage 27.0 (TID 55) in 145 ms on 08da040f70a7 (executor driver) (2/7)
26/08/09 15:16:26 INFO DataWritingSparkTask: Committed partition 3 (task 58, attempt 0, stage 27.0)
26/08/09 15:16:26 INFO DataWritingSparkTask: Committed partition 5 (task 60, attempt 0, stage 27.0)
26/08/09 15:16:26 INFO Executor: Finished task 5.0 in stage 27.0 (TID 60). 6200 bytes result sent to driver
26/08/09 15:16:26 INFO Executor: Finished task 3.0 in stage 27.0 (TID 58). 6200 bytes result sent to driver
26/08/09 15:16:26 INFO TaskSetManager: Finished task 5.0 in stage 27.0 (TID 60) in 147 ms on 08da040f70a7 (executor driver) (3/7)
26/08/09 15:16:26 INFO TaskSetManager: Finished task 3.0 in stage 27.0 (TID 58) in 147 ms on 08da040f70a7 (executor driver) (4/7)
26/08/09 15:16:26 INFO DataWritingSparkTask: Writer for partition 6 is committing.
26/08/09 15:16:26 INFO DataWritingSparkTask: Committed partition 6 (task 61, attempt 0, stage 27.0)
26/08/09 15:16:26 INFO Executor: Finished task 6.0 in stage 27.0 (TID 61). 8380 bytes result sent to driver
26/08/09 15:16:26 INFO TaskSetManager: Finished task 6.0 in stage 27.0 (TID 61) in 225 ms on 08da040f70a7 (executor driver) (5/7)
26/08/09 15:16:26 INFO DataWritingSparkTask: Writer for partition 4 is committing.
26/08/09 15:16:26 INFO DataWritingSparkTask: Writer for partition 2 is committing.
26/08/09 15:16:26 INFO DataWritingSparkTask: Committed partition 4 (task 59, attempt 0, stage 27.0)
26/08/09 15:16:26 INFO Executor: Finished task 4.0 in stage 27.0 (TID 59). 8380 bytes result sent to driver
26/08/09 15:16:26 INFO TaskSetManager: Finished task 4.0 in stage 27.0 (TID 59) in 290 ms on 08da040f70a7 (executor driver) (6/7)
26/08/09 15:16:26 INFO DataWritingSparkTask: Committed partition 2 (task 57, attempt 0, stage 27.0)
26/08/09 15:16:26 INFO Executor: Finished task 2.0 in stage 27.0 (TID 57). 8380 bytes result sent to driver
26/08/09 15:16:26 INFO TaskSetManager: Finished task 2.0 in stage 27.0 (TID 57) in 294 ms on 08da040f70a7 (executor driver) (7/7)
26/08/09 15:16:26 INFO TaskSchedulerImpl: Removed TaskSet 27.0, whose tasks have all completed, from pool 
26/08/09 15:16:26 INFO DAGScheduler: ResultStage 27 (append at NativeMethodAccessorImpl.java:0) finished in 0.298 s
26/08/09 15:16:26 INFO DAGScheduler: Job 19 is finished. Cancelling potential speculative or zombie tasks for this job
26/08/09 15:16:26 INFO TaskSchedulerImpl: Killing all running tasks in stage 27: Stage finished
26/08/09 15:16:26 INFO DAGScheduler: Job 19 finished: append at NativeMethodAccessorImpl.java:0, took 0.300254 s
26/08/09 15:16:26 INFO AppendDataExec: Data source write support IcebergBatchWrite(table=local.crop.field_ndvi, format=PARQUET) is committing.
26/08/09 15:16:26 INFO SparkWrite: Committing append with 10 new data files to table local.crop.field_ndvi
26/08/09 15:16:26 INFO HadoopTableOperations: Committed a new metadata file /opt/s2fn/warehouse/crop/field_ndvi/metadata/v12.metadata.json
26/08/09 15:16:26 INFO SnapshotProducer: Committed snapshot 4512321357945100654 (MergeAppend)
26/08/09 15:16:26 INFO LoggingMetricsReporter: Received metrics report: CommitReport{tableName=local.crop.field_ndvi, snapshotId=4512321357945100654, sequenceNumber=12, operation=append, commitMetrics=CommitMetricsResult{totalDuration=TimerResult{timeUnit=NANOSECONDS, totalDuration=PT0.061028033S, count=1}, attempts=CounterResult{unit=COUNT, value=1}, addedDataFiles=CounterResult{unit=COUNT, value=10}, removedDataFiles=null, totalDataFiles=CounterResult{unit=COUNT, value=44}, addedDeleteFiles=null, addedEqualityDeleteFiles=null, addedPositionalDeleteFiles=null, addedDVs=null, removedDeleteFiles=null, removedEqualityDeleteFiles=null, removedPositionalDeleteFiles=null, removedDVs=null, totalDeleteFiles=CounterResult{unit=COUNT, value=0}, addedRecords=CounterResult{unit=COUNT, value=575714}, removedRecords=null, totalRecords=CounterResult{unit=COUNT, value=2012351}, addedFilesSizeInBytes=CounterResult{unit=BYTES, value=11512952}, removedFilesSizeInBytes=null, totalFilesSizeInBytes=CounterResult{unit=BYTES, value=42294461}, addedPositionalDeletes=null, removedPositionalDeletes=null, totalPositionalDeletes=CounterResult{unit=COUNT, value=0}, addedEqualityDeletes=null, removedEqualityDeletes=null, totalEqualityDeletes=CounterResult{unit=COUNT, value=0}, manifestsCreated=CounterResult{unit=COUNT, value=1}, manifestsReplaced=CounterResult{unit=COUNT, value=0}, manifestsKept=CounterResult{unit=COUNT, value=11}, manifestEntriesProcessed=null}, metadata={engine-version=3.5.9, app-id=local-1786288577204, engine-name=spark, iceberg-version=Apache Iceberg 1.11.0 (commit 6976e020b894f6a6777704df2b8c4458cb291ae9), app-name=merge}}
26/08/09 15:16:26 INFO SparkWrite: Committed in 61 ms
26/08/09 15:16:26 INFO AppendDataExec: Data source write support IcebergBatchWrite(table=local.crop.field_ndvi, format=PARQUET) committed.
26/08/09 15:16:26 INFO FileSourceStrategy: Pushed Filters: 
26/08/09 15:16:26 INFO FileSourceStrategy: Post-Scan Filters: 
26/08/09 15:16:26 INFO MemoryStore: Block broadcast_31 stored as values in memory (estimated size 203.6 KiB, free 7.0 GiB)
26/08/09 15:16:26 INFO MemoryStore: Block broadcast_31_piece0 stored as bytes in memory (estimated size 35.4 KiB, free 7.0 GiB)
26/08/09 15:16:26 INFO BlockManagerInfo: Added broadcast_31_piece0 in memory on 08da040f70a7:46535 (size: 35.4 KiB, free: 7.0 GiB)
26/08/09 15:16:26 INFO SparkContext: Created broadcast 31 from count at NativeMethodAccessorImpl.java:0
26/08/09 15:16:26 INFO FileSourceScanExec: Planning scan with bin packing, max size: 4194304 bytes, open cost is considered as scanning 4194304 bytes.
26/08/09 15:16:26 INFO DAGScheduler: Registering RDD 58 (count at NativeMethodAccessorImpl.java:0) as input to shuffle 8
26/08/09 15:16:26 INFO DAGScheduler: Got map stage job 20 (count at NativeMethodAccessorImpl.java:0) with 5 output partitions
26/08/09 15:16:26 INFO DAGScheduler: Final stage: ShuffleMapStage 28 (count at NativeMethodAccessorImpl.java:0)
26/08/09 15:16:26 INFO DAGScheduler: Parents of final stage: List()
26/08/09 15:16:26 INFO DAGScheduler: Missing parents: List()
26/08/09 15:16:26 INFO DAGScheduler: Submitting ShuffleMapStage 28 (MapPartitionsRDD[58] at count at NativeMethodAccessorImpl.java:0), which has no missing parents
26/08/09 15:16:26 INFO MemoryStore: Block broadcast_32 stored as values in memory (estimated size 17.0 KiB, free 7.0 GiB)
26/08/09 15:16:26 INFO MemoryStore: Block broadcast_32_piece0 stored as bytes in memory (estimated size 7.8 KiB, free 7.0 GiB)
26/08/09 15:16:26 INFO BlockManagerInfo: Added broadcast_32_piece0 in memory on 08da040f70a7:46535 (size: 7.8 KiB, free: 7.0 GiB)
26/08/09 15:16:26 INFO SparkContext: Created broadcast 32 from broadcast at DAGScheduler.scala:1611
26/08/09 15:16:26 INFO DAGScheduler: Submitting 5 missing tasks from ShuffleMapStage 28 (MapPartitionsRDD[58] at count at NativeMethodAccessorImpl.java:0) (first 15 tasks are for partitions Vector(0, 1, 2, 3, 4))
26/08/09 15:16:26 INFO TaskSchedulerImpl: Adding task set 28.0 with 5 tasks resource profile 0
26/08/09 15:16:26 INFO TaskSetManager: Starting task 0.0 in stage 28.0 (TID 62) (08da040f70a7, executor driver, partition 0, PROCESS_LOCAL, 9649 bytes) 
26/08/09 15:16:26 INFO TaskSetManager: Starting task 1.0 in stage 28.0 (TID 63) (08da040f70a7, executor driver, partition 1, PROCESS_LOCAL, 9649 bytes) 
26/08/09 15:16:26 INFO TaskSetManager: Starting task 2.0 in stage 28.0 (TID 64) (08da040f70a7, executor driver, partition 2, PROCESS_LOCAL, 9649 bytes) 
26/08/09 15:16:26 INFO TaskSetManager: Starting task 3.0 in stage 28.0 (TID 65) (08da040f70a7, executor driver, partition 3, PROCESS_LOCAL, 9649 bytes) 
26/08/09 15:16:26 INFO TaskSetManager: Starting task 4.0 in stage 28.0 (TID 66) (08da040f70a7, executor driver, partition 4, PROCESS_LOCAL, 9649 bytes) 
26/08/09 15:16:26 INFO Executor: Running task 1.0 in stage 28.0 (TID 63)
26/08/09 15:16:26 INFO Executor: Running task 2.0 in stage 28.0 (TID 64)
26/08/09 15:16:26 INFO Executor: Running task 0.0 in stage 28.0 (TID 62)
26/08/09 15:16:26 INFO Executor: Running task 3.0 in stage 28.0 (TID 65)
26/08/09 15:16:26 INFO Executor: Running task 4.0 in stage 28.0 (TID 66)
26/08/09 15:16:26 INFO FileScanRDD: Reading File path: file:///opt/s2fn/data/export-e/part-00001-25fde072-05ce-47b0-ac96-72418bb205ad-c000.snappy.parquet, range: 4194304-4350522, partition values: [empty row]
26/08/09 15:16:26 INFO FileScanRDD: Reading File path: file:///opt/s2fn/data/export-e/part-00000-25fde072-05ce-47b0-ac96-72418bb205ad-c000.snappy.parquet, range: 0-4194304, partition values: [empty row]
26/08/09 15:16:26 INFO FileScanRDD: Reading File path: file:///opt/s2fn/data/export-e/part-00001-25fde072-05ce-47b0-ac96-72418bb205ad-c000.snappy.parquet, range: 0-4194304, partition values: [empty row]
26/08/09 15:16:26 INFO FileScanRDD: Reading File path: file:///opt/s2fn/data/export-e/part-00000-25fde072-05ce-47b0-ac96-72418bb205ad-c000.snappy.parquet, range: 4194304-5027598, partition values: [empty row]
26/08/09 15:16:26 INFO FileScanRDD: Reading File path: file:///opt/s2fn/data/export-e/part-00002-25fde072-05ce-47b0-ac96-72418bb205ad-c000.snappy.parquet, range: 0-2668068, partition values: [empty row]
26/08/09 15:16:26 INFO Executor: Finished task 3.0 in stage 28.0 (TID 65). 2025 bytes result sent to driver
26/08/09 15:16:26 INFO Executor: Finished task 2.0 in stage 28.0 (TID 64). 2068 bytes result sent to driver
26/08/09 15:16:26 INFO Executor: Finished task 4.0 in stage 28.0 (TID 66). 2025 bytes result sent to driver
26/08/09 15:16:26 INFO TaskSetManager: Finished task 2.0 in stage 28.0 (TID 64) in 10 ms on 08da040f70a7 (executor driver) (1/5)
26/08/09 15:16:26 INFO Executor: Finished task 1.0 in stage 28.0 (TID 63). 2068 bytes result sent to driver
26/08/09 15:16:26 INFO TaskSetManager: Finished task 3.0 in stage 28.0 (TID 65) in 9 ms on 08da040f70a7 (executor driver) (2/5)
26/08/09 15:16:26 INFO Executor: Finished task 0.0 in stage 28.0 (TID 62). 2068 bytes result sent to driver
26/08/09 15:16:26 INFO TaskSetManager: Finished task 4.0 in stage 28.0 (TID 66) in 10 ms on 08da040f70a7 (executor driver) (3/5)
26/08/09 15:16:26 INFO TaskSetManager: Finished task 1.0 in stage 28.0 (TID 63) in 11 ms on 08da040f70a7 (executor driver) (4/5)
26/08/09 15:16:26 INFO TaskSetManager: Finished task 0.0 in stage 28.0 (TID 62) in 11 ms on 08da040f70a7 (executor driver) (5/5)
26/08/09 15:16:26 INFO TaskSchedulerImpl: Removed TaskSet 28.0, whose tasks have all completed, from pool 
26/08/09 15:16:26 INFO DAGScheduler: ShuffleMapStage 28 (count at NativeMethodAccessorImpl.java:0) finished in 0.014 s
26/08/09 15:16:26 INFO DAGScheduler: looking for newly runnable stages
26/08/09 15:16:26 INFO DAGScheduler: running: Set()
26/08/09 15:16:26 INFO DAGScheduler: waiting: Set()
26/08/09 15:16:26 INFO DAGScheduler: failed: Set()
26/08/09 15:16:26 INFO SparkContext: Starting job: count at NativeMethodAccessorImpl.java:0
26/08/09 15:16:26 INFO DAGScheduler: Got job 21 (count at NativeMethodAccessorImpl.java:0) with 1 output partitions
26/08/09 15:16:26 INFO DAGScheduler: Final stage: ResultStage 30 (count at NativeMethodAccessorImpl.java:0)
26/08/09 15:16:26 INFO DAGScheduler: Parents of final stage: List(ShuffleMapStage 29)
26/08/09 15:16:26 INFO DAGScheduler: Missing parents: List()
26/08/09 15:16:26 INFO DAGScheduler: Submitting ResultStage 30 (MapPartitionsRDD[61] at count at NativeMethodAccessorImpl.java:0), which has no missing parents
26/08/09 15:16:26 INFO MemoryStore: Block broadcast_33 stored as values in memory (estimated size 12.5 KiB, free 7.0 GiB)
26/08/09 15:16:26 INFO MemoryStore: Block broadcast_33_piece0 stored as bytes in memory (estimated size 5.9 KiB, free 7.0 GiB)
26/08/09 15:16:26 INFO BlockManagerInfo: Added broadcast_33_piece0 in memory on 08da040f70a7:46535 (size: 5.9 KiB, free: 7.0 GiB)
26/08/09 15:16:26 INFO SparkContext: Created broadcast 33 from broadcast at DAGScheduler.scala:1611
26/08/09 15:16:26 INFO DAGScheduler: Submitting 1 missing tasks from ResultStage 30 (MapPartitionsRDD[61] at count at NativeMethodAccessorImpl.java:0) (first 15 tasks are for partitions Vector(0))
26/08/09 15:16:26 INFO TaskSchedulerImpl: Adding task set 30.0 with 1 tasks resource profile 0
26/08/09 15:16:26 INFO TaskSetManager: Starting task 0.0 in stage 30.0 (TID 67) (08da040f70a7, executor driver, partition 0, NODE_LOCAL, 8999 bytes) 
26/08/09 15:16:26 INFO Executor: Running task 0.0 in stage 30.0 (TID 67)
26/08/09 15:16:26 INFO ShuffleBlockFetcherIterator: Getting 5 (300.0 B) non-empty blocks including 5 (300.0 B) local and 0 (0.0 B) host-local and 0 (0.0 B) push-merged-local and 0 (0.0 B) remote blocks
26/08/09 15:16:26 INFO ShuffleBlockFetcherIterator: Started 0 remote fetches in 0 ms
26/08/09 15:16:26 INFO Executor: Finished task 0.0 in stage 30.0 (TID 67). 3808 bytes result sent to driver
26/08/09 15:16:26 INFO TaskSetManager: Finished task 0.0 in stage 30.0 (TID 67) in 5 ms on 08da040f70a7 (executor driver) (1/1)
26/08/09 15:16:26 INFO TaskSchedulerImpl: Removed TaskSet 30.0, whose tasks have all completed, from pool 
26/08/09 15:16:26 INFO DAGScheduler: ResultStage 30 (count at NativeMethodAccessorImpl.java:0) finished in 0.008 s
26/08/09 15:16:26 INFO DAGScheduler: Job 21 is finished. Cancelling potential speculative or zombie tasks for this job
26/08/09 15:16:26 INFO TaskSchedulerImpl: Killing all running tasks in stage 30: Stage finished
26/08/09 15:16:26 INFO DAGScheduler: Job 21 finished: count at NativeMethodAccessorImpl.java:0, took 0.009959 s
APPENDED /opt/s2fn/data/export-e 575714
26/08/09 15:16:26 INFO InMemoryFileIndex: It took 1 ms to list leaf files for 1 paths.
26/08/09 15:16:26 INFO SparkContext: Starting job: parquet at NativeMethodAccessorImpl.java:0
26/08/09 15:16:26 INFO DAGScheduler: Got job 22 (parquet at NativeMethodAccessorImpl.java:0) with 1 output partitions
26/08/09 15:16:26 INFO DAGScheduler: Final stage: ResultStage 31 (parquet at NativeMethodAccessorImpl.java:0)
26/08/09 15:16:26 INFO DAGScheduler: Parents of final stage: List()
26/08/09 15:16:26 INFO DAGScheduler: Missing parents: List()
26/08/09 15:16:26 INFO DAGScheduler: Submitting ResultStage 31 (MapPartitionsRDD[63] at parquet at NativeMethodAccessorImpl.java:0), which has no missing parents
26/08/09 15:16:26 INFO MemoryStore: Block broadcast_34 stored as values in memory (estimated size 104.6 KiB, free 7.0 GiB)
26/08/09 15:16:26 INFO MemoryStore: Block broadcast_34_piece0 stored as bytes in memory (estimated size 37.9 KiB, free 7.0 GiB)
26/08/09 15:16:26 INFO BlockManagerInfo: Added broadcast_34_piece0 in memory on 08da040f70a7:46535 (size: 37.9 KiB, free: 7.0 GiB)
26/08/09 15:16:26 INFO SparkContext: Created broadcast 34 from broadcast at DAGScheduler.scala:1611
26/08/09 15:16:26 INFO DAGScheduler: Submitting 1 missing tasks from ResultStage 31 (MapPartitionsRDD[63] at parquet at NativeMethodAccessorImpl.java:0) (first 15 tasks are for partitions Vector(0))
26/08/09 15:16:26 INFO TaskSchedulerImpl: Adding task set 31.0 with 1 tasks resource profile 0
26/08/09 15:16:26 INFO TaskSetManager: Starting task 0.0 in stage 31.0 (TID 68) (08da040f70a7, executor driver, partition 0, PROCESS_LOCAL, 8988 bytes) 
26/08/09 15:16:26 INFO Executor: Running task 0.0 in stage 31.0 (TID 68)
26/08/09 15:16:26 INFO Executor: Finished task 0.0 in stage 31.0 (TID 68). 1123 bytes result sent to driver
26/08/09 15:16:26 INFO TaskSetManager: Finished task 0.0 in stage 31.0 (TID 68) in 11 ms on 08da040f70a7 (executor driver) (1/1)
26/08/09 15:16:26 INFO TaskSchedulerImpl: Removed TaskSet 31.0, whose tasks have all completed, from pool 
26/08/09 15:16:26 INFO DAGScheduler: ResultStage 31 (parquet at NativeMethodAccessorImpl.java:0) finished in 0.019 s
26/08/09 15:16:26 INFO DAGScheduler: Job 22 is finished. Cancelling potential speculative or zombie tasks for this job
26/08/09 15:16:26 INFO TaskSchedulerImpl: Killing all running tasks in stage 31: Stage finished
26/08/09 15:16:26 INFO DAGScheduler: Job 22 finished: parquet at NativeMethodAccessorImpl.java:0, took 0.019909 s
26/08/09 15:16:26 INFO FileSourceStrategy: Pushed Filters: 
26/08/09 15:16:26 INFO FileSourceStrategy: Post-Scan Filters: 
26/08/09 15:16:26 INFO MemoryStore: Block broadcast_35 stored as values in memory (estimated size 205.0 KiB, free 7.0 GiB)
26/08/09 15:16:26 INFO MemoryStore: Block broadcast_35_piece0 stored as bytes in memory (estimated size 36.0 KiB, free 7.0 GiB)
26/08/09 15:16:26 INFO BlockManagerInfo: Added broadcast_35_piece0 in memory on 08da040f70a7:46535 (size: 36.0 KiB, free: 7.0 GiB)
26/08/09 15:16:26 INFO SparkContext: Created broadcast 35 from append at NativeMethodAccessorImpl.java:0
26/08/09 15:16:26 INFO FileSourceScanExec: Planning scan with bin packing, max size: 4194304 bytes, open cost is considered as scanning 4194304 bytes.
26/08/09 15:16:26 INFO DAGScheduler: Registering RDD 67 (append at NativeMethodAccessorImpl.java:0) as input to shuffle 9
26/08/09 15:16:26 INFO DAGScheduler: Got map stage job 23 (append at NativeMethodAccessorImpl.java:0) with 4 output partitions
26/08/09 15:16:26 INFO DAGScheduler: Final stage: ShuffleMapStage 32 (append at NativeMethodAccessorImpl.java:0)
26/08/09 15:16:26 INFO DAGScheduler: Parents of final stage: List()
26/08/09 15:16:26 INFO DAGScheduler: Missing parents: List()
26/08/09 15:16:26 INFO DAGScheduler: Submitting ShuffleMapStage 32 (MapPartitionsRDD[67] at append at NativeMethodAccessorImpl.java:0), which has no missing parents
26/08/09 15:16:26 INFO MemoryStore: Block broadcast_36 stored as values in memory (estimated size 23.4 KiB, free 7.0 GiB)
26/08/09 15:16:26 INFO MemoryStore: Block broadcast_36_piece0 stored as bytes in memory (estimated size 8.9 KiB, free 7.0 GiB)
26/08/09 15:16:26 INFO BlockManagerInfo: Added broadcast_36_piece0 in memory on 08da040f70a7:46535 (size: 8.9 KiB, free: 7.0 GiB)
26/08/09 15:16:26 INFO SparkContext: Created broadcast 36 from broadcast at DAGScheduler.scala:1611
26/08/09 15:16:26 INFO DAGScheduler: Submitting 4 missing tasks from ShuffleMapStage 32 (MapPartitionsRDD[67] at append at NativeMethodAccessorImpl.java:0) (first 15 tasks are for partitions Vector(0, 1, 2, 3))
26/08/09 15:16:26 INFO TaskSchedulerImpl: Adding task set 32.0 with 4 tasks resource profile 0
26/08/09 15:16:26 INFO TaskSetManager: Starting task 0.0 in stage 32.0 (TID 69) (08da040f70a7, executor driver, partition 0, PROCESS_LOCAL, 9649 bytes) 
26/08/09 15:16:26 INFO TaskSetManager: Starting task 1.0 in stage 32.0 (TID 70) (08da040f70a7, executor driver, partition 1, PROCESS_LOCAL, 9649 bytes) 
26/08/09 15:16:26 INFO TaskSetManager: Starting task 2.0 in stage 32.0 (TID 71) (08da040f70a7, executor driver, partition 2, PROCESS_LOCAL, 9649 bytes) 
26/08/09 15:16:26 INFO TaskSetManager: Starting task 3.0 in stage 32.0 (TID 72) (08da040f70a7, executor driver, partition 3, PROCESS_LOCAL, 9649 bytes) 
26/08/09 15:16:26 INFO Executor: Running task 0.0 in stage 32.0 (TID 69)
26/08/09 15:16:26 INFO Executor: Running task 2.0 in stage 32.0 (TID 71)
26/08/09 15:16:26 INFO Executor: Running task 1.0 in stage 32.0 (TID 70)
26/08/09 15:16:26 INFO Executor: Running task 3.0 in stage 32.0 (TID 72)
26/08/09 15:16:26 INFO FileScanRDD: Reading File path: file:///opt/s2fn/data/export-f/part-00002-40b154ee-f3a8-412b-a98f-2ce352ec9469-c000.snappy.parquet, range: 0-1323928, partition values: [empty row]
26/08/09 15:16:26 INFO FileScanRDD: Reading File path: file:///opt/s2fn/data/export-f/part-00000-40b154ee-f3a8-412b-a98f-2ce352ec9469-c000.snappy.parquet, range: 0-4194304, partition values: [empty row]
26/08/09 15:16:26 INFO FileScanRDD: Reading File path: file:///opt/s2fn/data/export-f/part-00001-40b154ee-f3a8-412b-a98f-2ce352ec9469-c000.snappy.parquet, range: 0-3934860, partition values: [empty row]
26/08/09 15:16:26 INFO FileScanRDD: Reading File path: file:///opt/s2fn/data/export-f/part-00000-40b154ee-f3a8-412b-a98f-2ce352ec9469-c000.snappy.parquet, range: 4194304-5201604, partition values: [empty row]
26/08/09 15:16:26 INFO Executor: Finished task 3.0 in stage 32.0 (TID 72). 1786 bytes result sent to driver
26/08/09 15:16:26 INFO TaskSetManager: Finished task 3.0 in stage 32.0 (TID 72) in 9 ms on 08da040f70a7 (executor driver) (1/4)
26/08/09 15:16:26 INFO BlockManagerInfo: Removed broadcast_33_piece0 on 08da040f70a7:46535 in memory (size: 5.9 KiB, free: 7.0 GiB)
26/08/09 15:16:26 INFO BlockManagerInfo: Removed broadcast_34_piece0 on 08da040f70a7:46535 in memory (size: 37.9 KiB, free: 7.0 GiB)
26/08/09 15:16:26 INFO BlockManagerInfo: Removed broadcast_32_piece0 on 08da040f70a7:46535 in memory (size: 7.8 KiB, free: 7.0 GiB)
26/08/09 15:16:26 INFO Executor: Finished task 2.0 in stage 32.0 (TID 71). 2001 bytes result sent to driver
26/08/09 15:16:26 INFO TaskSetManager: Finished task 2.0 in stage 32.0 (TID 71) in 47 ms on 08da040f70a7 (executor driver) (2/4)
26/08/09 15:16:26 INFO BlockManagerInfo: Removed broadcast_31_piece0 on 08da040f70a7:46535 in memory (size: 35.4 KiB, free: 7.0 GiB)
26/08/09 15:16:26 INFO Executor: Finished task 1.0 in stage 32.0 (TID 70). 2001 bytes result sent to driver
26/08/09 15:16:26 INFO TaskSetManager: Finished task 1.0 in stage 32.0 (TID 70) in 138 ms on 08da040f70a7 (executor driver) (3/4)
26/08/09 15:16:26 INFO Executor: Finished task 0.0 in stage 32.0 (TID 69). 2001 bytes result sent to driver
26/08/09 15:16:26 INFO TaskSetManager: Finished task 0.0 in stage 32.0 (TID 69) in 151 ms on 08da040f70a7 (executor driver) (4/4)
26/08/09 15:16:26 INFO TaskSchedulerImpl: Removed TaskSet 32.0, whose tasks have all completed, from pool 
26/08/09 15:16:26 INFO DAGScheduler: ShuffleMapStage 32 (append at NativeMethodAccessorImpl.java:0) finished in 0.153 s
26/08/09 15:16:26 INFO DAGScheduler: looking for newly runnable stages
26/08/09 15:16:26 INFO DAGScheduler: running: Set()
26/08/09 15:16:26 INFO DAGScheduler: waiting: Set()
26/08/09 15:16:26 INFO DAGScheduler: failed: Set()
26/08/09 15:16:26 INFO ShufflePartitionsUtil: For shuffle(9), advisory target size: 402653184, actual target size 1048576, minimum partition size: 1048576
26/08/09 15:16:26 INFO MemoryStore: Block broadcast_37 stored as values in memory (estimated size 32.0 KiB, free 7.0 GiB)
26/08/09 15:16:26 INFO MemoryStore: Block broadcast_37_piece0 stored as bytes in memory (estimated size 27.0 KiB, free 7.0 GiB)
26/08/09 15:16:26 INFO BlockManagerInfo: Added broadcast_37_piece0 in memory on 08da040f70a7:46535 (size: 27.0 KiB, free: 7.0 GiB)
26/08/09 15:16:26 INFO SparkContext: Created broadcast 37 from broadcast at SparkWrite.java:195
26/08/09 15:16:26 INFO AppendDataExec: Start processing data source write support: IcebergBatchWrite(table=local.crop.field_ndvi, format=PARQUET). The input RDD has 7 partitions.
26/08/09 15:16:26 INFO SparkContext: Starting job: append at NativeMethodAccessorImpl.java:0
26/08/09 15:16:26 INFO DAGScheduler: Got job 24 (append at NativeMethodAccessorImpl.java:0) with 7 output partitions
26/08/09 15:16:26 INFO DAGScheduler: Final stage: ResultStage 34 (append at NativeMethodAccessorImpl.java:0)
26/08/09 15:16:26 INFO DAGScheduler: Parents of final stage: List(ShuffleMapStage 33)
26/08/09 15:16:26 INFO DAGScheduler: Missing parents: List()
26/08/09 15:16:26 INFO DAGScheduler: Submitting ResultStage 34 (ShuffledRowRDD[68] at append at NativeMethodAccessorImpl.java:0), which has no missing parents
26/08/09 15:16:26 INFO MemoryStore: Block broadcast_38 stored as values in memory (estimated size 11.1 KiB, free 7.0 GiB)
26/08/09 15:16:26 INFO MemoryStore: Block broadcast_38_piece0 stored as bytes in memory (estimated size 5.9 KiB, free 7.0 GiB)
26/08/09 15:16:26 INFO BlockManagerInfo: Added broadcast_38_piece0 in memory on 08da040f70a7:46535 (size: 5.9 KiB, free: 7.0 GiB)
26/08/09 15:16:26 INFO SparkContext: Created broadcast 38 from broadcast at DAGScheduler.scala:1611
26/08/09 15:16:26 INFO DAGScheduler: Submitting 7 missing tasks from ResultStage 34 (ShuffledRowRDD[68] at append at NativeMethodAccessorImpl.java:0) (first 15 tasks are for partitions Vector(0, 1, 2, 3, 4, 5, 6))
26/08/09 15:16:26 INFO TaskSchedulerImpl: Adding task set 34.0 with 7 tasks resource profile 0
26/08/09 15:16:26 INFO TaskSetManager: Starting task 0.0 in stage 34.0 (TID 73) (08da040f70a7, executor driver, partition 0, NODE_LOCAL, 8999 bytes) 
26/08/09 15:16:26 INFO TaskSetManager: Starting task 1.0 in stage 34.0 (TID 74) (08da040f70a7, executor driver, partition 1, NODE_LOCAL, 8999 bytes) 
26/08/09 15:16:26 INFO TaskSetManager: Starting task 2.0 in stage 34.0 (TID 75) (08da040f70a7, executor driver, partition 2, NODE_LOCAL, 8999 bytes) 
26/08/09 15:16:26 INFO TaskSetManager: Starting task 3.0 in stage 34.0 (TID 76) (08da040f70a7, executor driver, partition 3, NODE_LOCAL, 8999 bytes) 
26/08/09 15:16:26 INFO TaskSetManager: Starting task 4.0 in stage 34.0 (TID 77) (08da040f70a7, executor driver, partition 4, NODE_LOCAL, 8999 bytes) 
26/08/09 15:16:26 INFO TaskSetManager: Starting task 5.0 in stage 34.0 (TID 78) (08da040f70a7, executor driver, partition 5, NODE_LOCAL, 8999 bytes) 
26/08/09 15:16:26 INFO TaskSetManager: Starting task 6.0 in stage 34.0 (TID 79) (08da040f70a7, executor driver, partition 6, NODE_LOCAL, 8999 bytes) 
26/08/09 15:16:26 INFO Executor: Running task 0.0 in stage 34.0 (TID 73)
26/08/09 15:16:26 INFO Executor: Running task 1.0 in stage 34.0 (TID 74)
26/08/09 15:16:26 INFO Executor: Running task 2.0 in stage 34.0 (TID 75)
26/08/09 15:16:26 INFO Executor: Running task 4.0 in stage 34.0 (TID 77)
26/08/09 15:16:26 INFO Executor: Running task 5.0 in stage 34.0 (TID 78)
26/08/09 15:16:26 INFO Executor: Running task 3.0 in stage 34.0 (TID 76)
26/08/09 15:16:26 INFO Executor: Running task 6.0 in stage 34.0 (TID 79)
26/08/09 15:16:26 INFO ShuffleBlockFetcherIterator: Getting 1 (1911.6 KiB) non-empty blocks including 1 (1911.6 KiB) local and 0 (0.0 B) host-local and 0 (0.0 B) push-merged-local and 0 (0.0 B) remote blocks
26/08/09 15:16:26 INFO ShuffleBlockFetcherIterator: Getting 1 (3.3 MiB) non-empty blocks including 1 (3.3 MiB) local and 0 (0.0 B) host-local and 0 (0.0 B) push-merged-local and 0 (0.0 B) remote blocks
26/08/09 15:16:26 INFO ShuffleBlockFetcherIterator: Getting 1 (1737.8 KiB) non-empty blocks including 1 (1737.8 KiB) local and 0 (0.0 B) host-local and 0 (0.0 B) push-merged-local and 0 (0.0 B) remote blocks
26/08/09 15:16:26 INFO ShuffleBlockFetcherIterator: Getting 1 (1911.6 KiB) non-empty blocks including 1 (1911.6 KiB) local and 0 (0.0 B) host-local and 0 (0.0 B) push-merged-local and 0 (0.0 B) remote blocks
26/08/09 15:16:26 INFO ShuffleBlockFetcherIterator: Getting 1 (1911.6 KiB) non-empty blocks including 1 (1911.6 KiB) local and 0 (0.0 B) host-local and 0 (0.0 B) push-merged-local and 0 (0.0 B) remote blocks
26/08/09 15:16:26 INFO ShuffleBlockFetcherIterator: Started 0 remote fetches in 0 ms
26/08/09 15:16:26 INFO ShuffleBlockFetcherIterator: Getting 1 (1911.6 KiB) non-empty blocks including 1 (1911.6 KiB) local and 0 (0.0 B) host-local and 0 (0.0 B) push-merged-local and 0 (0.0 B) remote blocks
26/08/09 15:16:26 INFO ShuffleBlockFetcherIterator: Started 0 remote fetches in 0 ms
26/08/09 15:16:26 INFO ShuffleBlockFetcherIterator: Started 0 remote fetches in 0 ms
26/08/09 15:16:26 INFO ShuffleBlockFetcherIterator: Getting 1 (2.6 MiB) non-empty blocks including 1 (2.6 MiB) local and 0 (0.0 B) host-local and 0 (0.0 B) push-merged-local and 0 (0.0 B) remote blocks
26/08/09 15:16:26 INFO ShuffleBlockFetcherIterator: Started 0 remote fetches in 0 ms
26/08/09 15:16:26 INFO ShuffleBlockFetcherIterator: Started 0 remote fetches in 0 ms
26/08/09 15:16:26 INFO ShuffleBlockFetcherIterator: Started 0 remote fetches in 0 ms
26/08/09 15:16:26 INFO ShuffleBlockFetcherIterator: Started 0 remote fetches in 0 ms
26/08/09 15:16:26 INFO CodecPool: Got brand-new compressor [.zstd]
26/08/09 15:16:26 INFO CodecPool: Got brand-new compressor [.zstd]
26/08/09 15:16:26 INFO CodecPool: Got brand-new compressor [.zstd]
26/08/09 15:16:26 INFO CodecPool: Got brand-new compressor [.zstd]
26/08/09 15:16:26 INFO CodecPool: Got brand-new compressor [.zstd]
26/08/09 15:16:26 INFO CodecPool: Got brand-new compressor [.zstd]
26/08/09 15:16:26 INFO CodecPool: Got brand-new compressor [.zstd]
26/08/09 15:16:26 INFO CodecPool: Got brand-new compressor [.zstd]
26/08/09 15:16:26 INFO BlockManagerInfo: Removed broadcast_36_piece0 on 08da040f70a7:46535 in memory (size: 8.9 KiB, free: 7.0 GiB)
26/08/09 15:16:26 INFO DataWritingSparkTask: Writer for partition 5 is committing.
26/08/09 15:16:26 INFO CodecPool: Got brand-new compressor [.zstd]
26/08/09 15:16:26 INFO DataWritingSparkTask: Writer for partition 2 is committing.
26/08/09 15:16:26 INFO DataWritingSparkTask: Writer for partition 3 is committing.
26/08/09 15:16:26 INFO DataWritingSparkTask: Writer for partition 4 is committing.
26/08/09 15:16:26 INFO DataWritingSparkTask: Writer for partition 0 is committing.
26/08/09 15:16:26 INFO DataWritingSparkTask: Committed partition 5 (task 78, attempt 0, stage 34.0)
26/08/09 15:16:26 INFO Executor: Finished task 5.0 in stage 34.0 (TID 78). 6200 bytes result sent to driver
26/08/09 15:16:26 INFO TaskSetManager: Finished task 5.0 in stage 34.0 (TID 78) in 118 ms on 08da040f70a7 (executor driver) (1/7)
26/08/09 15:16:26 INFO DataWritingSparkTask: Committed partition 2 (task 75, attempt 0, stage 34.0)
26/08/09 15:16:26 INFO DataWritingSparkTask: Committed partition 3 (task 76, attempt 0, stage 34.0)
26/08/09 15:16:26 INFO Executor: Finished task 2.0 in stage 34.0 (TID 75). 6200 bytes result sent to driver
26/08/09 15:16:26 INFO DataWritingSparkTask: Committed partition 4 (task 77, attempt 0, stage 34.0)
26/08/09 15:16:26 INFO Executor: Finished task 3.0 in stage 34.0 (TID 76). 6200 bytes result sent to driver
26/08/09 15:16:26 INFO TaskSetManager: Finished task 2.0 in stage 34.0 (TID 75) in 124 ms on 08da040f70a7 (executor driver) (2/7)
26/08/09 15:16:26 INFO DataWritingSparkTask: Committed partition 0 (task 73, attempt 0, stage 34.0)
26/08/09 15:16:26 INFO Executor: Finished task 4.0 in stage 34.0 (TID 77). 6200 bytes result sent to driver
26/08/09 15:16:26 INFO TaskSetManager: Finished task 3.0 in stage 34.0 (TID 76) in 124 ms on 08da040f70a7 (executor driver) (3/7)
26/08/09 15:16:26 INFO Executor: Finished task 0.0 in stage 34.0 (TID 73). 6200 bytes result sent to driver
26/08/09 15:16:26 INFO TaskSetManager: Finished task 4.0 in stage 34.0 (TID 77) in 125 ms on 08da040f70a7 (executor driver) (4/7)
26/08/09 15:16:26 INFO TaskSetManager: Finished task 0.0 in stage 34.0 (TID 73) in 126 ms on 08da040f70a7 (executor driver) (5/7)
26/08/09 15:16:27 INFO DataWritingSparkTask: Writer for partition 1 is committing.
26/08/09 15:16:27 INFO DataWritingSparkTask: Committed partition 1 (task 74, attempt 0, stage 34.0)
26/08/09 15:16:27 INFO Executor: Finished task 1.0 in stage 34.0 (TID 74). 8380 bytes result sent to driver
26/08/09 15:16:27 INFO TaskSetManager: Finished task 1.0 in stage 34.0 (TID 74) in 181 ms on 08da040f70a7 (executor driver) (6/7)
26/08/09 15:16:27 INFO DataWritingSparkTask: Writer for partition 6 is committing.
26/08/09 15:16:27 INFO DataWritingSparkTask: Committed partition 6 (task 79, attempt 0, stage 34.0)
26/08/09 15:16:27 INFO Executor: Finished task 6.0 in stage 34.0 (TID 79). 8380 bytes result sent to driver
26/08/09 15:16:27 INFO TaskSetManager: Finished task 6.0 in stage 34.0 (TID 79) in 216 ms on 08da040f70a7 (executor driver) (7/7)
26/08/09 15:16:27 INFO TaskSchedulerImpl: Removed TaskSet 34.0, whose tasks have all completed, from pool 
26/08/09 15:16:27 INFO DAGScheduler: ResultStage 34 (append at NativeMethodAccessorImpl.java:0) finished in 0.220 s
26/08/09 15:16:27 INFO DAGScheduler: Job 24 is finished. Cancelling potential speculative or zombie tasks for this job
26/08/09 15:16:27 INFO TaskSchedulerImpl: Killing all running tasks in stage 34: Stage finished
26/08/09 15:16:27 INFO DAGScheduler: Job 24 finished: append at NativeMethodAccessorImpl.java:0, took 0.222471 s
26/08/09 15:16:27 INFO AppendDataExec: Data source write support IcebergBatchWrite(table=local.crop.field_ndvi, format=PARQUET) is committing.
26/08/09 15:16:27 INFO SparkWrite: Committing append with 9 new data files to table local.crop.field_ndvi
26/08/09 15:16:27 INFO HadoopTableOperations: Committed a new metadata file /opt/s2fn/warehouse/crop/field_ndvi/metadata/v13.metadata.json
26/08/09 15:16:27 INFO SnapshotProducer: Committed snapshot 6199930179349371421 (MergeAppend)
26/08/09 15:16:27 INFO LoggingMetricsReporter: Received metrics report: CommitReport{tableName=local.crop.field_ndvi, snapshotId=6199930179349371421, sequenceNumber=13, operation=append, commitMetrics=CommitMetricsResult{totalDuration=TimerResult{timeUnit=NANOSECONDS, totalDuration=PT0.06000405S, count=1}, attempts=CounterResult{unit=COUNT, value=1}, addedDataFiles=CounterResult{unit=COUNT, value=9}, removedDataFiles=null, totalDataFiles=CounterResult{unit=COUNT, value=53}, addedDeleteFiles=null, addedEqualityDeleteFiles=null, addedPositionalDeleteFiles=null, addedDVs=null, removedDeleteFiles=null, removedEqualityDeleteFiles=null, removedPositionalDeleteFiles=null, removedDVs=null, totalDeleteFiles=CounterResult{unit=COUNT, value=0}, addedRecords=CounterResult{unit=COUNT, value=444893}, removedRecords=null, totalRecords=CounterResult{unit=COUNT, value=2457244}, addedFilesSizeInBytes=CounterResult{unit=BYTES, value=9188298}, removedFilesSizeInBytes=null, totalFilesSizeInBytes=CounterResult{unit=BYTES, value=51482759}, addedPositionalDeletes=null, removedPositionalDeletes=null, totalPositionalDeletes=CounterResult{unit=COUNT, value=0}, addedEqualityDeletes=null, removedEqualityDeletes=null, totalEqualityDeletes=CounterResult{unit=COUNT, value=0}, manifestsCreated=CounterResult{unit=COUNT, value=1}, manifestsReplaced=CounterResult{unit=COUNT, value=0}, manifestsKept=CounterResult{unit=COUNT, value=12}, manifestEntriesProcessed=null}, metadata={engine-version=3.5.9, app-id=local-1786288577204, engine-name=spark, iceberg-version=Apache Iceberg 1.11.0 (commit 6976e020b894f6a6777704df2b8c4458cb291ae9), app-name=merge}}
26/08/09 15:16:27 INFO SparkWrite: Committed in 60 ms
26/08/09 15:16:27 INFO AppendDataExec: Data source write support IcebergBatchWrite(table=local.crop.field_ndvi, format=PARQUET) committed.
26/08/09 15:16:27 INFO FileSourceStrategy: Pushed Filters: 
26/08/09 15:16:27 INFO FileSourceStrategy: Post-Scan Filters: 
26/08/09 15:16:27 INFO MemoryStore: Block broadcast_39 stored as values in memory (estimated size 203.6 KiB, free 7.0 GiB)
26/08/09 15:16:27 INFO MemoryStore: Block broadcast_39_piece0 stored as bytes in memory (estimated size 35.4 KiB, free 7.0 GiB)
26/08/09 15:16:27 INFO BlockManagerInfo: Added broadcast_39_piece0 in memory on 08da040f70a7:46535 (size: 35.4 KiB, free: 7.0 GiB)
26/08/09 15:16:27 INFO SparkContext: Created broadcast 39 from count at NativeMethodAccessorImpl.java:0
26/08/09 15:16:27 INFO FileSourceScanExec: Planning scan with bin packing, max size: 4194304 bytes, open cost is considered as scanning 4194304 bytes.
26/08/09 15:16:27 INFO DAGScheduler: Registering RDD 72 (count at NativeMethodAccessorImpl.java:0) as input to shuffle 10
26/08/09 15:16:27 INFO DAGScheduler: Got map stage job 25 (count at NativeMethodAccessorImpl.java:0) with 4 output partitions
26/08/09 15:16:27 INFO DAGScheduler: Final stage: ShuffleMapStage 35 (count at NativeMethodAccessorImpl.java:0)
26/08/09 15:16:27 INFO DAGScheduler: Parents of final stage: List()
26/08/09 15:16:27 INFO DAGScheduler: Missing parents: List()
26/08/09 15:16:27 INFO DAGScheduler: Submitting ShuffleMapStage 35 (MapPartitionsRDD[72] at count at NativeMethodAccessorImpl.java:0), which has no missing parents
26/08/09 15:16:27 INFO MemoryStore: Block broadcast_40 stored as values in memory (estimated size 17.0 KiB, free 7.0 GiB)
26/08/09 15:16:27 INFO MemoryStore: Block broadcast_40_piece0 stored as bytes in memory (estimated size 7.8 KiB, free 7.0 GiB)
26/08/09 15:16:27 INFO BlockManagerInfo: Added broadcast_40_piece0 in memory on 08da040f70a7:46535 (size: 7.8 KiB, free: 7.0 GiB)
26/08/09 15:16:27 INFO SparkContext: Created broadcast 40 from broadcast at DAGScheduler.scala:1611
26/08/09 15:16:27 INFO DAGScheduler: Submitting 4 missing tasks from ShuffleMapStage 35 (MapPartitionsRDD[72] at count at NativeMethodAccessorImpl.java:0) (first 15 tasks are for partitions Vector(0, 1, 2, 3))
26/08/09 15:16:27 INFO TaskSchedulerImpl: Adding task set 35.0 with 4 tasks resource profile 0
26/08/09 15:16:27 INFO TaskSetManager: Starting task 0.0 in stage 35.0 (TID 80) (08da040f70a7, executor driver, partition 0, PROCESS_LOCAL, 9649 bytes) 
26/08/09 15:16:27 INFO TaskSetManager: Starting task 1.0 in stage 35.0 (TID 81) (08da040f70a7, executor driver, partition 1, PROCESS_LOCAL, 9649 bytes) 
26/08/09 15:16:27 INFO TaskSetManager: Starting task 2.0 in stage 35.0 (TID 82) (08da040f70a7, executor driver, partition 2, PROCESS_LOCAL, 9649 bytes) 
26/08/09 15:16:27 INFO TaskSetManager: Starting task 3.0 in stage 35.0 (TID 83) (08da040f70a7, executor driver, partition 3, PROCESS_LOCAL, 9649 bytes) 
26/08/09 15:16:27 INFO Executor: Running task 0.0 in stage 35.0 (TID 80)
26/08/09 15:16:27 INFO Executor: Running task 1.0 in stage 35.0 (TID 81)
26/08/09 15:16:27 INFO Executor: Running task 2.0 in stage 35.0 (TID 82)
26/08/09 15:16:27 INFO Executor: Running task 3.0 in stage 35.0 (TID 83)
26/08/09 15:16:27 INFO FileScanRDD: Reading File path: file:///opt/s2fn/data/export-f/part-00002-40b154ee-f3a8-412b-a98f-2ce352ec9469-c000.snappy.parquet, range: 0-1323928, partition values: [empty row]
26/08/09 15:16:27 INFO FileScanRDD: Reading File path: file:///opt/s2fn/data/export-f/part-00000-40b154ee-f3a8-412b-a98f-2ce352ec9469-c000.snappy.parquet, range: 4194304-5201604, partition values: [empty row]
26/08/09 15:16:27 INFO FileScanRDD: Reading File path: file:///opt/s2fn/data/export-f/part-00000-40b154ee-f3a8-412b-a98f-2ce352ec9469-c000.snappy.parquet, range: 0-4194304, partition values: [empty row]
26/08/09 15:16:27 INFO FileScanRDD: Reading File path: file:///opt/s2fn/data/export-f/part-00001-40b154ee-f3a8-412b-a98f-2ce352ec9469-c000.snappy.parquet, range: 0-3934860, partition values: [empty row]
26/08/09 15:16:27 INFO Executor: Finished task 3.0 in stage 35.0 (TID 83). 2025 bytes result sent to driver
26/08/09 15:16:27 INFO Executor: Finished task 2.0 in stage 35.0 (TID 82). 2068 bytes result sent to driver
26/08/09 15:16:27 INFO Executor: Finished task 0.0 in stage 35.0 (TID 80). 2068 bytes result sent to driver
26/08/09 15:16:27 INFO TaskSetManager: Finished task 2.0 in stage 35.0 (TID 82) in 8 ms on 08da040f70a7 (executor driver) (1/4)
26/08/09 15:16:27 INFO Executor: Finished task 1.0 in stage 35.0 (TID 81). 2068 bytes result sent to driver
26/08/09 15:16:27 INFO TaskSetManager: Finished task 3.0 in stage 35.0 (TID 83) in 8 ms on 08da040f70a7 (executor driver) (2/4)
26/08/09 15:16:27 INFO TaskSetManager: Finished task 0.0 in stage 35.0 (TID 80) in 8 ms on 08da040f70a7 (executor driver) (3/4)
26/08/09 15:16:27 INFO TaskSetManager: Finished task 1.0 in stage 35.0 (TID 81) in 9 ms on 08da040f70a7 (executor driver) (4/4)
26/08/09 15:16:27 INFO TaskSchedulerImpl: Removed TaskSet 35.0, whose tasks have all completed, from pool 
26/08/09 15:16:27 INFO DAGScheduler: ShuffleMapStage 35 (count at NativeMethodAccessorImpl.java:0) finished in 0.012 s
26/08/09 15:16:27 INFO DAGScheduler: looking for newly runnable stages
26/08/09 15:16:27 INFO DAGScheduler: running: Set()
26/08/09 15:16:27 INFO DAGScheduler: waiting: Set()
26/08/09 15:16:27 INFO DAGScheduler: failed: Set()
26/08/09 15:16:27 INFO SparkContext: Starting job: count at NativeMethodAccessorImpl.java:0
26/08/09 15:16:27 INFO DAGScheduler: Got job 26 (count at NativeMethodAccessorImpl.java:0) with 1 output partitions
26/08/09 15:16:27 INFO DAGScheduler: Final stage: ResultStage 37 (count at NativeMethodAccessorImpl.java:0)
26/08/09 15:16:27 INFO DAGScheduler: Parents of final stage: List(ShuffleMapStage 36)
26/08/09 15:16:27 INFO DAGScheduler: Missing parents: List()
26/08/09 15:16:27 INFO DAGScheduler: Submitting ResultStage 37 (MapPartitionsRDD[75] at count at NativeMethodAccessorImpl.java:0), which has no missing parents
26/08/09 15:16:27 INFO MemoryStore: Block broadcast_41 stored as values in memory (estimated size 12.5 KiB, free 7.0 GiB)
26/08/09 15:16:27 INFO MemoryStore: Block broadcast_41_piece0 stored as bytes in memory (estimated size 5.9 KiB, free 7.0 GiB)
26/08/09 15:16:27 INFO BlockManagerInfo: Added broadcast_41_piece0 in memory on 08da040f70a7:46535 (size: 5.9 KiB, free: 7.0 GiB)
26/08/09 15:16:27 INFO SparkContext: Created broadcast 41 from broadcast at DAGScheduler.scala:1611
26/08/09 15:16:27 INFO DAGScheduler: Submitting 1 missing tasks from ResultStage 37 (MapPartitionsRDD[75] at count at NativeMethodAccessorImpl.java:0) (first 15 tasks are for partitions Vector(0))
26/08/09 15:16:27 INFO TaskSchedulerImpl: Adding task set 37.0 with 1 tasks resource profile 0
26/08/09 15:16:27 INFO TaskSetManager: Starting task 0.0 in stage 37.0 (TID 84) (08da040f70a7, executor driver, partition 0, NODE_LOCAL, 8999 bytes) 
26/08/09 15:16:27 INFO Executor: Running task 0.0 in stage 37.0 (TID 84)
26/08/09 15:16:27 INFO ShuffleBlockFetcherIterator: Getting 4 (240.0 B) non-empty blocks including 4 (240.0 B) local and 0 (0.0 B) host-local and 0 (0.0 B) push-merged-local and 0 (0.0 B) remote blocks
26/08/09 15:16:27 INFO ShuffleBlockFetcherIterator: Started 0 remote fetches in 0 ms
26/08/09 15:16:27 INFO Executor: Finished task 0.0 in stage 37.0 (TID 84). 3851 bytes result sent to driver
26/08/09 15:16:27 INFO BlockManagerInfo: Removed broadcast_40_piece0 on 08da040f70a7:46535 in memory (size: 7.8 KiB, free: 7.0 GiB)
26/08/09 15:16:27 INFO TaskSetManager: Finished task 0.0 in stage 37.0 (TID 84) in 6 ms on 08da040f70a7 (executor driver) (1/1)
26/08/09 15:16:27 INFO TaskSchedulerImpl: Removed TaskSet 37.0, whose tasks have all completed, from pool 
26/08/09 15:16:27 INFO DAGScheduler: ResultStage 37 (count at NativeMethodAccessorImpl.java:0) finished in 0.009 s
26/08/09 15:16:27 INFO DAGScheduler: Job 26 is finished. Cancelling potential speculative or zombie tasks for this job
26/08/09 15:16:27 INFO TaskSchedulerImpl: Killing all running tasks in stage 37: Stage finished
26/08/09 15:16:27 INFO DAGScheduler: Job 26 finished: count at NativeMethodAccessorImpl.java:0, took 0.010356 s
APPENDED /opt/s2fn/data/export-f 444893
26/08/09 15:16:27 INFO SnapshotScan: Scanning table local.crop.field_ndvi snapshot 6199930179349371421 created at 2026-08-09T15:16:27.132+00:00 with filter true
26/08/09 15:16:27 INFO BaseDistributedDataScan: Planning file tasks locally for table local.crop.field_ndvi
26/08/09 15:16:27 INFO V2ScanRelationPushDown: 
Pushing operators to local.crop.field_ndvi
Pushed Aggregate Functions:
 COUNT(*)
Pushed Group by:
 
         
26/08/09 15:16:27 INFO CodeGenerator: Code generated in 10.020416 ms
26/08/09 15:16:27 INFO CodeGenerator: Code generated in 4.545265 ms
26/08/09 15:16:27 INFO DAGScheduler: Registering RDD 78 (count at NativeMethodAccessorImpl.java:0) as input to shuffle 11
26/08/09 15:16:27 INFO DAGScheduler: Got map stage job 27 (count at NativeMethodAccessorImpl.java:0) with 1 output partitions
26/08/09 15:16:27 INFO DAGScheduler: Final stage: ShuffleMapStage 38 (count at NativeMethodAccessorImpl.java:0)
26/08/09 15:16:27 INFO DAGScheduler: Parents of final stage: List()
26/08/09 15:16:27 INFO DAGScheduler: Missing parents: List()
26/08/09 15:16:27 INFO DAGScheduler: Submitting ShuffleMapStage 38 (MapPartitionsRDD[78] at count at NativeMethodAccessorImpl.java:0), which has no missing parents
26/08/09 15:16:27 INFO MemoryStore: Block broadcast_42 stored as values in memory (estimated size 12.6 KiB, free 7.0 GiB)
26/08/09 15:16:27 INFO MemoryStore: Block broadcast_42_piece0 stored as bytes in memory (estimated size 6.2 KiB, free 7.0 GiB)
26/08/09 15:16:27 INFO BlockManagerInfo: Added broadcast_42_piece0 in memory on 08da040f70a7:46535 (size: 6.2 KiB, free: 7.0 GiB)
26/08/09 15:16:27 INFO SparkContext: Created broadcast 42 from broadcast at DAGScheduler.scala:1611
26/08/09 15:16:27 INFO DAGScheduler: Submitting 1 missing tasks from ShuffleMapStage 38 (MapPartitionsRDD[78] at count at NativeMethodAccessorImpl.java:0) (first 15 tasks are for partitions Vector(0))
26/08/09 15:16:27 INFO TaskSchedulerImpl: Adding task set 38.0 with 1 tasks resource profile 0
26/08/09 15:16:27 INFO TaskSetManager: Starting task 0.0 in stage 38.0 (TID 85) (08da040f70a7, executor driver, partition 0, PROCESS_LOCAL, 8894 bytes) 
26/08/09 15:16:27 INFO Executor: Running task 0.0 in stage 38.0 (TID 85)
26/08/09 15:16:27 INFO CodeGenerator: Code generated in 8.116781 ms
26/08/09 15:16:27 INFO Executor: Finished task 0.0 in stage 38.0 (TID 85). 1774 bytes result sent to driver
26/08/09 15:16:27 INFO TaskSetManager: Finished task 0.0 in stage 38.0 (TID 85) in 14 ms on 08da040f70a7 (executor driver) (1/1)
26/08/09 15:16:27 INFO TaskSchedulerImpl: Removed TaskSet 38.0, whose tasks have all completed, from pool 
26/08/09 15:16:27 INFO DAGScheduler: ShuffleMapStage 38 (count at NativeMethodAccessorImpl.java:0) finished in 0.018 s
26/08/09 15:16:27 INFO DAGScheduler: looking for newly runnable stages
26/08/09 15:16:27 INFO DAGScheduler: running: Set()
26/08/09 15:16:27 INFO DAGScheduler: waiting: Set()
26/08/09 15:16:27 INFO DAGScheduler: failed: Set()
26/08/09 15:16:27 INFO CodeGenerator: Code generated in 7.32441 ms
26/08/09 15:16:27 INFO SparkContext: Starting job: count at NativeMethodAccessorImpl.java:0
26/08/09 15:16:27 INFO DAGScheduler: Got job 28 (count at NativeMethodAccessorImpl.java:0) with 1 output partitions
26/08/09 15:16:27 INFO DAGScheduler: Final stage: ResultStage 40 (count at NativeMethodAccessorImpl.java:0)
26/08/09 15:16:27 INFO DAGScheduler: Parents of final stage: List(ShuffleMapStage 39)
26/08/09 15:16:27 INFO DAGScheduler: Missing parents: List()
26/08/09 15:16:27 INFO DAGScheduler: Submitting ResultStage 40 (MapPartitionsRDD[81] at count at NativeMethodAccessorImpl.java:0), which has no missing parents
26/08/09 15:16:27 INFO MemoryStore: Block broadcast_43 stored as values in memory (estimated size 13.7 KiB, free 7.0 GiB)
26/08/09 15:16:27 INFO MemoryStore: Block broadcast_43_piece0 stored as bytes in memory (estimated size 6.3 KiB, free 7.0 GiB)
26/08/09 15:16:27 INFO BlockManagerInfo: Added broadcast_43_piece0 in memory on 08da040f70a7:46535 (size: 6.3 KiB, free: 7.0 GiB)
26/08/09 15:16:27 INFO SparkContext: Created broadcast 43 from broadcast at DAGScheduler.scala:1611
26/08/09 15:16:27 INFO DAGScheduler: Submitting 1 missing tasks from ResultStage 40 (MapPartitionsRDD[81] at count at NativeMethodAccessorImpl.java:0) (first 15 tasks are for partitions Vector(0))
26/08/09 15:16:27 INFO TaskSchedulerImpl: Adding task set 40.0 with 1 tasks resource profile 0
26/08/09 15:16:27 INFO TaskSetManager: Starting task 0.0 in stage 40.0 (TID 86) (08da040f70a7, executor driver, partition 0, NODE_LOCAL, 8999 bytes) 
26/08/09 15:16:27 INFO Executor: Running task 0.0 in stage 40.0 (TID 86)
26/08/09 15:16:27 INFO ShuffleBlockFetcherIterator: Getting 1 (60.0 B) non-empty blocks including 1 (60.0 B) local and 0 (0.0 B) host-local and 0 (0.0 B) push-merged-local and 0 (0.0 B) remote blocks
26/08/09 15:16:27 INFO ShuffleBlockFetcherIterator: Started 0 remote fetches in 0 ms
26/08/09 15:16:27 INFO CodeGenerator: Code generated in 7.152613 ms
26/08/09 15:16:27 INFO Executor: Finished task 0.0 in stage 40.0 (TID 86). 3808 bytes result sent to driver
26/08/09 15:16:27 INFO TaskSetManager: Finished task 0.0 in stage 40.0 (TID 86) in 12 ms on 08da040f70a7 (executor driver) (1/1)
26/08/09 15:16:27 INFO TaskSchedulerImpl: Removed TaskSet 40.0, whose tasks have all completed, from pool 
26/08/09 15:16:27 INFO DAGScheduler: ResultStage 40 (count at NativeMethodAccessorImpl.java:0) finished in 0.014 s
26/08/09 15:16:27 INFO DAGScheduler: Job 28 is finished. Cancelling potential speculative or zombie tasks for this job
26/08/09 15:16:27 INFO TaskSchedulerImpl: Killing all running tasks in stage 40: Stage finished
26/08/09 15:16:27 INFO DAGScheduler: Job 28 finished: count at NativeMethodAccessorImpl.java:0, took 0.016430 s
TOTAL 2457244
26/08/09 15:16:27 INFO SparkContext: Invoking stop() from shutdown hook
26/08/09 15:16:27 INFO SparkContext: SparkContext is stopping with exitCode 0.
26/08/09 15:16:27 INFO SparkUI: Stopped Spark web UI at http://08da040f70a7:4040
26/08/09 15:16:27 INFO MapOutputTrackerMasterEndpoint: MapOutputTrackerMasterEndpoint stopped!
26/08/09 15:16:27 INFO MemoryStore: MemoryStore cleared
26/08/09 15:16:27 INFO BlockManager: BlockManager stopped
26/08/09 15:16:27 INFO BlockManagerMaster: BlockManagerMaster stopped
26/08/09 15:16:27 INFO OutputCommitCoordinator$OutputCommitCoordinatorEndpoint: OutputCommitCoordinator stopped!
26/08/09 15:16:27 INFO SparkContext: Successfully stopped SparkContext
26/08/09 15:16:27 INFO ShutdownHookManager: Shutdown hook called
26/08/09 15:16:27 INFO ShutdownHookManager: Deleting directory /tmp/spark-5ac17804-cdd7-4fbe-b034-aa6a5ff001fd
26/08/09 15:16:27 INFO ShutdownHookManager: Deleting directory /tmp/spark-592315d2-8490-435e-ad32-1f9b53800bd8
26/08/09 15:16:27 INFO ShutdownHookManager: Deleting directory /tmp/spark-5ac17804-cdd7-4fbe-b034-aa6a5ff001fd/pyspark-da9e5239-94cc-476b-811d-51fd7653a995
